raw_name,team,position,found_in
MASTIL Melvin,ALG,GK,NONE
MANDI Aissa,ALG,DF,NONE
ABADA Achref,ALG,DF,NONE
TOUGAI Mohamed Amine,ALG,DF,NONE
BELAID Zineddine,ALG,DF,NONE
ZERROUKI Ramiz,ALG,MF,NONE
MAHREZ Riyad,ALG,FW,NONE
AOUAR Houssem,ALG,MF,NONE
GOUIRI Amine,ALG,FW,NONE
CHAIBI Fares,ALG,MF,NONE
HADJ MOUSSA Anis,ALG,FW,NONE
BENBOUALI Nadhir,ALG,FW,NONE
HADJAM Jaouen,ALG,DF,NONE
BOUDAOUI Hicham,ALG,MF,NONE
AIT-NOURI Rayan,ALG,DF,NONE
BENBOT Oussama,ALG,GK,NONE
BELGHALI Rafik,ALG,DF,NONE
AMOURA Mohamed,ALG,FW,NONE
BENTALEB Nabil,ALG,MF,NONE
BOULBINA Adil,ALG,FW,NONE
BENSEBAINI Ramy,ALG,DF,NONE
MAZA Ibrahim,ALG,MF,NONE
ZIDANE Luca,ALG,GK,NONE
TITRAOUI Yassine,ALG,MF,NONE
GHEDJEMIS Fares,ALG,FW,NONE
CHERGUI Samir,ALG,DF,NONE
MUSSO Juan,ARG,GK,NONE
BALERDI Leonardo,ARG,DF,NONE
TAGLIAFICO Nicolas,ARG,DF,NONE
MONTIEL Gonzalo,ARG,DF,NONE
PAREDES Leandro,ARG,MF,NONE
MARTINEZ Lisandro,ARG,DF,NONE
DE PAUL Rodrigo,ARG,MF,NONE
BARCO Valentin,ARG,MF,NONE
ALVAREZ Julian,ARG,FW,NONE
MESSI Lionel,ARG,FW,NONE
LO CELSO Giovani,ARG,MF,NONE
RULLI Geronimo,ARG,GK,NONE
ROMERO Cristian,ARG,DF,NONE
PALACIOS Exequiel,ARG,MF,NONE
GONZALEZ Nico,ARG,MF,NONE
ALMADA Thiago,ARG,FW,NONE
SIMEONE Giuliano,ARG,FW,NONE
PAZ Nico,ARG,FW,NONE
OTAMENDI Nicolas,ARG,DF,NONE
MAC ALLISTER Alexis,ARG,MF,NONE
LOPEZ Jose Manuel,ARG,FW,NONE
MARTINEZ Lautaro,ARG,FW,NONE
MARTINEZ Emiliano,ARG,GK,NONE
FERNANDEZ Enzo,ARG,MF,NONE
MEDINA Facundo,ARG,DF,NONE
MOLINA Nahuel,ARG,DF,NONE
RYAN Mathew,AUS,GK,NONE
DEGENEK Milos,AUS,DF,NONE
CIRCATI Alessandro,AUS,DF,NONE
ITALIANO Jacob,AUS,DF,NONE
BOS Jordan,AUS,DF,NONE
GERIA Jason,AUS,DF,NONE
LECKIE Mathew,AUS,FW,NONE
METCALFE Connor,AUS,MF,NONE
TOURE Mohamed,AUS,FW,NONE
HRUSTIC Ajdin,AUS,FW,NONE
MABIL Awer,AUS,FW,NONE
IZZO Paul,AUS,GK,NONE
ONEILL Aiden,AUS,MF,NONE
DEVLIN Cameron,AUS,MF,NONE
TREWIN Kai,AUS,DF,NONE
BEHICH Aziz,AUS,DF,NONE
IRANKUNDA Nestory,AUS,FW,NONE
BEACH Patrick,AUS,GK,NONE
SOUTTAR Harry,AUS,DF,NONE
VOLPATO Cristian,AUS,FW,NONE
BURGESS Cameron,AUS,DF,NONE
IRVINE Jackson,AUS,MF,NONE
VELUPILLAY Nishan,AUS,FW,NONE
OKON-ENGSTLER Paul,AUS,MF,NONE
HERRINGTON Lucas,AUS,DF,NONE
YENGI Tete,AUS,FW,NONE
SCHLAGER Alexander,AUT,GK,NONE
AFFENGRUBER David,AUT,DF,NONE
DANSO Kevin,AUT,DF,NONE
SCHLAGER Xaver,AUT,MF,NONE
POSCH Stefan,AUT,DF,NONE
SEIWALD Nicolas,AUT,MF,NONE
ARNAUTOVIC Marko,AUT,FW,NONE
ALABA David,AUT,DF,NONE
SABITZER Marcel,AUT,MF,NONE
GRILLITSCH Florian,AUT,MF,NONE
GREGORITSCH Michael,AUT,FW,NONE
WIEGELE Florian,AUT,GK,NONE
PENTZ Patrick,AUT,GK,NONE
KALAJDZIC Sasa,AUT,FW,NONE
LIENHART Philipp,AUT,DF,NONE
MWENE Phillip,AUT,DF,NONE
CHUKWUEMEKA Carney,AUT,MF,NONE
SCHMID Romano,AUT,MF,NONE
BAUMGARTNER Christoph,AUT,MF,NONE
LAIMER Konrad,AUT,MF,NONE
WIMMER Patrick,AUT,FW,NONE
PRASS Alexander,AUT,MF,NONE
FRIEDL Marco,AUT,DF,NONE
WANNER Paul,AUT,MF,NONE
SVOBODA Michael,AUT,DF,NONE
SCHOEPF Alessandro,AUT,MF,NONE
COURTOIS Thibaut,BEL,GK,NONE
DEBAST Zeno,BEL,DF,NONE
THEATE Arthur,BEL,DF,NONE
MECHELE Brandon,BEL,DF,NONE
DE CUYPER Maxim,BEL,DF,NONE
WITSEL Axel,BEL,MF,NONE
DE BRUYNE Kevin,BEL,MF,NONE
TIELEMANS Youri,BEL,MF,NONE
LUKAKU Romelu,BEL,FW,NONE
TROSSARD Leandro,BEL,FW,NONE
DOKU Jeremy,BEL,FW,NONE
LAMMENS Senne,BEL,GK,NONE
PENDERS Mike,BEL,GK,NONE
LUKEBAKIO Dodi,BEL,FW,NONE
MEUNIER Thomas,BEL,DF,NONE
DE WINTER Koni,BEL,DF,NONE
DE KETELAERE Charles,BEL,FW,NONE
SEYS Joaquin,BEL,DF,NONE
MOREIRA Diego,BEL,MF,NONE
VANAKEN Hans,BEL,MF,NONE
CASTAGNE Timothy,BEL,DF,NONE
SAELEMAEKERS Alexis,BEL,MF,NONE
RASKIN Nicolas,BEL,MF,NONE
ONANA Amadou,BEL,MF,NONE
NGOY Nathan,BEL,DF,NONE
FERNANDEZ-PARDO Matias,BEL,FW,NONE
VASILJ Nikola,BIH,GK,NONE
MUJAKIC Nihad,BIH,DF,NONE
HADZIKADUNIC Dennis,BIH,DF,NONE
MUHAREMOVIC Tarik,BIH,DF,NONE
KOLASINAC Sead,BIH,DF,NONE
TAHIROVIC Benjamin,BIH,MF,NONE
DEDIC Amar,BIH,DF,NONE
GIGOVIC Armin,BIH,MF,NONE
BAZDAR Samed,BIH,FW,NONE
DEMIROVIC Ermedin,BIH,FW,NONE
DZEKO Edin,BIH,FW,NONE
JURKAS Mladen,BIH,GK,NONE
BASIC Ivan,BIH,MF,NONE
SUNJIC Ivan,BIH,MF,NONE
MEMIC Amar,BIH,MF,NONE
HADZIAHMETOVIC Amir,BIH,MF,NONE
BURNIC Dzenis,BIH,MF,NONE
KATIC Nikola,BIH,DF,NONE
ALAJBEGOVIC Kerim,BIH,FW,NONE
BAJRAKTAREVIC Esmir,BIH,FW,NONE
RADELJIC Stjepan,BIH,DF,NONE
ZLOMISLIC Martin,BIH,GK,NONE
TABAKOVIC Haris,BIH,FW,NONE
CELIK Nidal,BIH,DF,NONE
LUKIC Jovo,BIH,FW,NONE
MAHMIC Ermin,BIH,MF,NONE
NEYMAR JR,BRA,FW,NONE
WEVERTON,BRA,GK,NONE
BREMER,BRA,DF,NONE
LEO PEREIRA,BRA,DF,NONE
EDERSON,BRA,GK,NONE
STOPIRA,CPV,DF,NONE
DINEY BORGES,CPV,DF,NONE
PICO LOPES,CPV,DF,NONE
LOGAN COSTA,CPV,DF,NONE
JOAO PAULO,CPV,MF,NONE
MARCIO ROSA,CPV,GK,NONE
YANNICK SEMEDO,CPV,MF,NONE
CJ DOS SANTOS,CPV,GK,NONE
KELVIN PIRES,CPV,DF,NONE
ST. CLAIR Dayne,CAN,GK,NONE
JOHNSTON Alistair,CAN,DF,NONE
JONES Alfie,CAN,DF,NONE
DE FOUGEROLLES Luc,CAN,DF,NONE
WATERMAN Joel,CAN,DF,NONE
CHOINIERE Mathieu,CAN,MF,NONE
EUSTAQUIO Stephen,CAN,MF,NONE
KONE Ismael,CAN,MF,NONE
LARIN Cyle,CAN,FW,NONE
DAVID Jonathan,CAN,FW,NONE
MILLAR Liam,CAN,MF,NONE
OLUWASEYI Tani,CAN,FW,NONE
CORNELIUS Derek,CAN,DF,NONE
SHAFFELBURG Jacob,CAN,MF,NONE
BOMBITO Moise,CAN,DF,NONE
CREPEAU Maxime,CAN,GK,NONE
BUCHANAN Tajon,CAN,FW,NONE
GOODMAN Owen,CAN,GK,NONE
DAVIES Alphonso,CAN,DF,NONE
AHMED Ali,CAN,FW,NONE
OSORIO Jonathan,CAN,MF,NONE
LARYEA Richie,CAN,DF,NONE
SIGUR Niko,CAN,DF,NONE
DAVID Promise,CAN,FW,NONE
SALIBA Nathan,CAN,MF,NONE
FLORES Marcelo,CAN,MF,NONE
OSPINA David,COL,GK,NONE
MUNOZ Daniel,COL,DF,NONE
LUCUMI Jhon,COL,DF,NONE
ARIAS Santiago,COL,DF,NONE
CASTANO Kevin,COL,MF,NONE
RIOS Richard,COL,MF,NONE
DIAZ Luis,COL,FW,NONE
CARRASCAL Jorge,COL,MF,NONE
CORDOBA Jhon,COL,FW,NONE
RODRIGUEZ James,COL,MF,NONE
ARIAS Jhon,COL,MF,NONE
VARGAS Camilo,COL,GK,NONE
MINA Yerry,COL,DF,NONE
PUERTA Gustavo,COL,DF,NONE
PORTILLA Juan,COL,MF,NONE
LERMA Jefferson,COL,MF,NONE
MOJICA Johan,COL,DF,NONE
DITTA Willer,COL,DF,NONE
HERNANDEZ Cucho,COL,FW,NONE
QUINTERO Juan,COL,MF,NONE
CAMPAZ Jaminton,COL,FW,NONE
MACHADO Deiver,COL,DF,NONE
SANCHEZ Davinson,COL,DF,NONE
MONTERO Alvaro,COL,GK,NONE
SUAREZ Luis,COL,FW,NONE
GOMEZ Andres,COL,FW,NONE
MPASI Lionel,COD,GK,NONE
WAN-BISSAKA Aaron,COD,DF,NONE
KAPUADI Steve,COD,DF,NONE
TUANZEBE Axel,COD,DF,NONE
BATUBINSIKA Dylan,COD,DF,NONE
MUKAU Ngalayel,COD,MF,NONE
MBUKU Nathanael,COD,MF,NONE
MOUTOUSSAMY Samuel,COD,MF,NONE
CIPENGA Brian,COD,FW,NONE
BONGONDA Theo,COD,MF,NONE
KAKUTA Gael,COD,FW,NONE
KAYEMBE Joris,COD,DF,NONE
ELIA Meschack,COD,FW,NONE
SADIKI Noah,COD,MF,NONE
TSHIBOLA Aaron,COD,MF,NONE
FAYULU Timothy,COD,GK,NONE
BAKAMBU Cedric,COD,FW,NONE
PICKEL Charles,COD,MF,NONE
MAYELE Fiston,COD,FW,NONE
WISSA Yoane,COD,FW,NONE
EPOLO Matthieu,COD,GK,NONE
MBEMBA Chancel,COD,DF,NONE
BANZA Simon,COD,FW,NONE
KALULU Gedeon,COD,DF,NONE
KAYEMBE Edo,COD,MF,NONE
MASUAKU Arthur,COD,DF,NONE
FOFANA Yahia,CIV,GK,NONE
DIOMANDE Ousmane,CIV,DF,NONE
KONAN Ghislain,CIV,DF,NONE
SERI Jean Michael,CIV,MF,NONE
SINGO Wilfried,CIV,DF,NONE
FOFANA Seko,CIV,MF,NONE
KOSSOUNOU Odilon,CIV,DF,NONE
KESSIE Franck,CIV,MF,NONE
BONNY Ange-Yoan,CIV,FW,NONE
ADINGRA Simon,CIV,FW,NONE
DIOMANDE Yan,CIV,FW,NONE
WAHI Elye,CIV,FW,NONE
OPERI Christopher,CIV,DF,NONE
DIAKITE Oumar,CIV,FW,NONE
DIALLO Amad,CIV,FW,NONE
KONE Mohamed,CIV,GK,NONE
DOUE Guela,CIV,DF,NONE
SANGARE Ibrahim,CIV,MF,NONE
PEPE Nicolas,CIV,FW,NONE
AGBADOU Emmanuel,CIV,DF,NONE
NDICKA Evan,CIV,DF,NONE
GUESSAND Evann,CIV,FW,NONE
LAFONT Alban,CIV,GK,NONE
TOURE Bazoumana,CIV,FW,NONE
GUIAGON Parfait,CIV,MF,NONE
OULAI Christ Inao,CIV,MF,NONE
LIVAKOVIC Dominik,CRO,GK,NONE
STANISIC Josip,CRO,DF,NONE
PONGRACIC Marin,CRO,DF,NONE
GVARDIOL Josko,CRO,DF,NONE
CALETA-CAR Duje,CRO,DF,NONE
SUTALO Josip,CRO,DF,NONE
MORO Nikola,CRO,MF,NONE
KOVACIC Mateo,CRO,MF,NONE
KRAMARIC Andrej,CRO,FW,NONE
MODRIC Luka,CRO,MF,NONE
BUDIMIR Ante,CRO,FW,NONE
PANDUR Ivor,CRO,GK,NONE
VLASIC Nikola,CRO,MF,NONE
PERISIC Ivan,CRO,FW,NONE
PASALIC Mario,CRO,MF,NONE
BATURINA Martin,CRO,MF,NONE
SUCIC Petar,CRO,MF,NONE
JAKIC Kristijan,CRO,DF,NONE
FRUK Toni,CRO,MF,NONE
MATANOVIC Igor,CRO,FW,NONE
SUCIC Luka,CRO,MF,NONE
VUSKOVIC Luka,CRO,DF,NONE
KOTARSKI Dominik,CRO,GK,NONE
PASALIC Marco,CRO,FW,NONE
ERLIC Martin,CRO,DF,NONE
MUSA Petar,CRO,FW,NONE
ROOM Eloy,CUW,GK,NONE
SAMBO Shurandy,CUW,DF,NONE
GAARI Jurien,CUW,DF,NONE
VAN EIJMA Roshon,CUW,DF,NONE
FLORANUS Sherel,CUW,DF,NONE
ROEMERATOE Godfried,CUW,MF,NONE
BACUNA Juninho,CUW,MF,NONE
COMENENCIA Livano,CUW,MF,NONE
LOCADIA Juergen,CUW,FW,NONE
BACUNA Leandro,CUW,MF,NONE
ANTONISSE Jeremy,CUW,FW,NONE
HANSEN Sontje,CUW,FW,NONE
NOSLIN Tyrese,CUW,FW,NONE
GORRE Kenji,CUW,FW,NONE
MARTHA Arjany,CUW,MF,NONE
MARGARITHA Jearl,CUW,FW,NONE
KUWAS Brandley,CUW,FW,NONE
OBISPO Armando,CUW,DF,NONE
KASTANEER Gervane,CUW,FW,NONE
BRENET Joshua,CUW,DF,NONE
CHONG Tahith,CUW,MF,NONE
FELIDA Kevin,CUW,MF,NONE
BAZOER Riechedly,CUW,DF,NONE
FONVILLE Deveron,CUW,DF,NONE
BODAK Tyrick,CUW,GK,NONE
DOORNBUSCH Trevor,CUW,GK,NONE
KOVAR Matej,CZE,GK,NONE
ZIMA David,CZE,DF,NONE
HOLES Tomas,CZE,DF,NONE
HRANAC Robin,CZE,DF,NONE
COUFAL Vladimir,CZE,DF,NONE
CHALOUPEK Stepan,CZE,DF,NONE
KREJCI Ladislav,CZE,DF,NONE
DARIDA Vladimir,CZE,MF,NONE
HLOZEK Adam,CZE,FW,NONE
SCHICK Patrik,CZE,FW,NONE
KUCHTA Jan,CZE,FW,NONE
CERV Lukas,CZE,MF,NONE
CHYTIL Mojmir,CZE,FW,NONE
JURASEK David,CZE,DF,NONE
SULC Pavel,CZE,FW,NONE
STANEK Jindrich,CZE,GK,NONE
PROVOD Lukas,CZE,MF,NONE
SADILEK Michal,CZE,MF,NONE
CHORY Tomas,CZE,FW,NONE
ZELENY Jaroslav,CZE,DF,NONE
DOUDERA David,CZE,DF,NONE
SOUCEK Tomas,CZE,MF,NONE
HORNICEK Lukas,CZE,GK,NONE
SOJKA Alexandr,CZE,MF,NONE
SOCHUREK Hugo,CZE,MF,NONE
VISINSKY Denis,CZE,FW,NONE
GALINDEZ Hernan,ECU,GK,NONE
TORRES Felix,ECU,DF,NONE
HINCAPIE Piero,ECU,DF,NONE
ORDONEZ Joel,ECU,DF,NONE
ALCIVAR Jordy,ECU,MF,NONE
PACHO Willian,ECU,DF,NONE
ESTUPINAN Pervis,ECU,DF,NONE
VALENCIA Anthony,ECU,MF,NONE
YEBOAH John,ECU,FW,NONE
PAEZ Kendry,ECU,MF,NONE
RODRIGUEZ Kevin,ECU,FW,NONE
RAMIREZ Moises,ECU,GK,NONE
VALENCIA Enner,ECU,FW,NONE
MINDA Alan,ECU,MF,NONE
VITE Pedro,ECU,MF,NONE
CAICEDO Jordy,ECU,FW,NONE
PRECIADO Angelo,ECU,DF,NONE
CASTILLO Denil,ECU,MF,NONE
PLATA Gonzalo,ECU,FW,NONE
ANGULO Nilson,ECU,FW,NONE
FRANCO Alan,ECU,MF,NONE
VALLE Gonzalo,ECU,GK,NONE
CAICEDO Moises,ECU,MF,NONE
AREVALO Jeremy,ECU,FW,NONE
POROZO Jackson,ECU,DF,NONE
MEDINA Yaimar,ECU,DF,NONE
MOHAMED ELSHENAWY,EGY,GK,NONE
MOHAMED ABDELMONEIM,EGY,DF,NONE
MOSTAFA ZICO,EGY,MF,NONE
MAHDY SOLIMAN,EGY,GK,NONE
MOHANAD LASHIN,EGY,MF,NONE
NABIL DONGA,EGY,MF,NONE
MARAWAN ATTIA,EGY,MF,NONE
MOSTAFA SHOUBIR,EGY,GK,NONE
TAREK ALAA,EGY,DF,NONE
MOHAMED ALAA,EGY,GK,NONE
PICKFORD Jordan,ENG,GK,NONE
KONSA Ezri,ENG,DF,NONE
OREILLY Nico,ENG,DF,NONE
RICE Declan,ENG,MF,NONE
STONES John,ENG,DF,NONE
GUEHI Marc,ENG,DF,NONE
SAKA Bukayo,ENG,FW,NONE
ANDERSON Elliot,ENG,MF,NONE
KANE Harry,ENG,FW,NONE
BELLINGHAM Jude,ENG,MF,NONE
RASHFORD Marcus,ENG,FW,NONE
LIVRAMENTO Tino,ENG,DF,NONE
HENDERSON Dean,ENG,GK,NONE
HENDERSON Jordan,ENG,MF,NONE
BURN Dan,ENG,DF,NONE
MAINOO Kobbie,ENG,MF,NONE
ROGERS Morgan,ENG,MF,NONE
GORDON Anthony,ENG,FW,NONE
WATKINS Ollie,ENG,FW,NONE
MADUEKE Noni,ENG,FW,NONE
EZE Eberechi,ENG,MF,NONE
TONEY Ivan,ENG,FW,NONE
TRAFFORD James,ENG,GK,NONE
JAMES Reece,ENG,DF,NONE
SPENCE Djed,ENG,DF,NONE
QUANSAH Jarell,ENG,DF,NONE
SAMBA Brice,FRA,GK,NONE
GUSTO Malo,FRA,DF,NONE
DIGNE Lucas,FRA,DF,NONE
UPAMECANO Dayot,FRA,DF,NONE
KOUNDE Jules,FRA,DF,NONE
KONE Manu,FRA,MF,NONE
DEMBELE Ousmane,FRA,FW,NONE
TCHOUAMENI Aurelien,FRA,MF,NONE
THURAM Marcus,FRA,FW,NONE
MBAPPE Kylian,FRA,FW,NONE
OLISE Michael,FRA,FW,NONE
BARCOLA Bradley,FRA,FW,NONE
KANTE Ngolo,FRA,MF,NONE
RABIOT Adrien,FRA,MF,NONE
KONATE Ibrahima,FRA,DF,NONE
MAIGNAN Mike,FRA,GK,NONE
SALIBA William,FRA,DF,NONE
ZAIRE-EMERY Warren,FRA,MF,NONE
HERNANDEZ Theo,FRA,DF,NONE
DOUE Desire,FRA,FW,NONE
HERNANDEZ Lucas,FRA,DF,NONE
MATETA Jean-Philippe,FRA,FW,NONE
RISSER Robin,FRA,GK,NONE
CHERKI Rayan,FRA,MF,NONE
AKLIOUCHE Maghnes,FRA,MF,NONE
LACROIX Maxence,FRA,DF,NONE
NEUER Manuel,GER,GK,NONE
RUEDIGER Antonio,GER,DF,NONE
ANTON Waldemar,GER,DF,NONE
TAH Jonathan,GER,DF,NONE
PAVLOVIC Aleksandar,GER,MF,NONE
KIMMICH Joshua,GER,DF,NONE
HAVERTZ Kai,GER,FW,NONE
GORETZKA Leon,GER,MF,NONE
LEWELING Jamie,GER,MF,NONE
MUSIALA Jamal,GER,MF,NONE
WOLTEMADE Nick,GER,FW,NONE
BAUMANN Oliver,GER,GK,NONE
GROSS Pascal,GER,MF,NONE
BEIER Maximilian,GER,FW,NONE
SCHLOTTERBECK Nico,GER,DF,NONE
STILLER Angelo,GER,MF,NONE
WIRTZ Florian,GER,MF,NONE
BROWN Nathaniel,GER,DF,NONE
SANE Leroy,GER,MF,NONE
AMIRI Nadiem,GER,MF,NONE
NUEBEL Alexander,GER,GK,NONE
RAUM David,GER,DF,NONE
NMECHA Felix,GER,MF,NONE
THIAW Malick,GER,DF,NONE
OUEDRAOGO Assan,GER,MF,NONE
UNDAV Deniz,GER,FW,NONE
ZIGI Lawrence Ati,GHA,GK,NONE
SEIDU Alidu,GHA,DF,NONE
YIRENKYI Caleb,GHA,MF,NONE
ADJETEY Jonas,GHA,DF,NONE
PARTEY Thomas,GHA,MF,NONE
MUMIN Abdul,GHA,DF,NONE
FATAWU Abdul,GHA,FW,NONE
SIBO Kwasi,GHA,MF,NONE
AYEW Jordan,GHA,FW,NONE
THOMAS-ASANTE Brandon,GHA,FW,NONE
SEMENYO Antoine,GHA,MF,NONE
ANANG Joseph,GHA,GK,NONE
BAAH Christopher Bonsu,GHA,FW,NONE
MENSAH Gideon,GHA,DF,NONE
OWUSU Elisha,GHA,MF,NONE
ASARE Benjamin,GHA,GK,NONE
RAHMAN Baba,GHA,DF,NONE
OPOKU Jerome,GHA,DF,NONE
WILLIAMS Inaki,GHA,FW,NONE
BOAKYE Augustine,GHA,MF,NONE
OPPONG Kojo Peprah,GHA,DF,NONE
SULEMANA Kamaldeen,GHA,FW,NONE
LUCKASSEN Derrick,GHA,DF,NONE
NUAMAH Ernest,GHA,FW,NONE
ADU Prince,GHA,FW,NONE
SENAYA Marvin,GHA,DF,NONE
PLACIDE Johny,HAI,GK,NONE
ARCUS Carlens,HAI,DF,NONE
THERMONCY Keeto,HAI,DF,NONE
ADE Ricardo,HAI,DF,NONE
DELCROIX Hannes,HAI,DF,NONE
SAINTE Carl,HAI,MF,NONE
ETIENNE Derrick,HAI,FW,NONE
EXPERIENCE Martin,HAI,DF,NONE
NAZON Duckens,HAI,FW,NONE
BELLEGARDE Jean-Ricner,HAI,MF,NONE
DEEDSON Louicius,HAI,FW,NONE
PIERRE Alexandre,HAI,GK,NONE
LACROIX Markhus,HAI,DF,NONE
PIERRE Leverton,HAI,MF,NONE
PROVIDENCE Ruben,HAI,FW,NONE
JOSEPH Lenny,HAI,FW,NONE
JEAN JACQUES Danley,HAI,MF,NONE
ISIDOR Wilson,HAI,FW,NONE
FORTUNE Yassin,HAI,FW,NONE
PIERROT Frantzdy,HAI,FW,NONE
CASIMIR Josue,HAI,FW,NONE
DUVERNE Jean-Kevin,HAI,DF,NONE
DUVERGER Josue,HAI,GK,NONE
PAUGAIN Wilguens,HAI,DF,NONE
SIMON Dominique,HAI,MF,NONE
PIERRE Woodensky,HAI,MF,NONE
BEIRANVAND Alireza,IRN,GK,NONE
HARDANI Saleh,IRN,DF,NONE
HAJISAFI Ehsan,IRN,DF,NONE
KHALILZADEH Shoja,IRN,DF,NONE
MOHAMMADI Milad,IRN,DF,NONE
EZATOLAHI Saeid,IRN,MF,NONE
JAHANBAKHSH Alireza,IRN,MF,NONE
MOHEBBI Mohammad,IRN,MF,NONE
TAREMI Mehdi,IRN,FW,NONE
GHAYEDI Mehdi,IRN,FW,NONE
ALIPOUR Ali,IRN,FW,NONE
NIAZMAND Payam,IRN,GK,NONE
KANANI Hossein,IRN,DF,NONE
GHODDOS Saman,IRN,MF,NONE
CHESHMI Roozbeh,IRN,MF,NONE
TORABI Mehdi,IRN,MF,NONE
YOUSEFI Arya,IRN,DF,NONE
HOSSEINZADEH Amirhossein,IRN,FW,NONE
NEMATI Ali,IRN,DF,NONE
MOGHANLOO Shahriyar,IRN,FW,NONE
GHORBANI Mohammad,IRN,MF,NONE
HOSSEINI Hossein,IRN,GK,NONE
REZAEIAN Ramin,IRN,DF,NONE
DARGAHI Dennis,IRN,FW,NONE
IRI Danial,IRN,DF,NONE
RAZAGHINIA Amirmohammad,IRN,MF,NONE
FAHAD TALIB,IRQ,GK,NONE
MUNAF YOUNUS,IRQ,DF,NONE
ALI ALHAMADI,IRQ,FW,NONE
AHMED QASIM,IRQ,FW,NONE
AHMED MAKNAZI,IRQ,DF,NONE
AMIR ALAMMARI,IRQ,MF,NONE
AYMEN HUSSEIN,IRQ,FW,NONE
ZAID ISMAEL,IRQ,MF,NONE
FRANS PUTROS,IRQ,DF,NONE
SUZUKI Zion,JPN,GK,NONE
SUGAWARA Yukinari,JPN,DF,NONE
TANIGUCHI Shogo,JPN,DF,NONE
ITAKURA Kou,JPN,DF,NONE
NAGATOMO Yuto,JPN,DF,NONE
ENDO Wataru,JPN,MF,NONE
TANAKA Ao,JPN,MF,NONE
KUBO Takefusa,JPN,MF,NONE
GOTO Keisuke,JPN,FW,NONE
DOAN Ritsu,JPN,MF,NONE
MAEDA Daizen,JPN,MF,NONE
OSAKO Keisuke,JPN,GK,NONE
NAKAMURA Keito,JPN,MF,NONE
ITO Junya,JPN,MF,NONE
KAMADA Daichi,JPN,MF,NONE
WATANABE Tsuyoshi,JPN,DF,NONE
SUZUKI Yuito,JPN,MF,NONE
UEDA Ayase,JPN,FW,NONE
OGAWA Koki,JPN,FW,NONE
SEKO Ayumu,JPN,DF,NONE
ITO Hiroki,JPN,DF,NONE
TOMIYASU Takehiro,JPN,DF,NONE
HAYAKAWA Tomoki,JPN,GK,NONE
SANO Kaishu,JPN,MF,NONE
SUZUKI Junnosuke,JPN,DF,NONE
SHIOGAI Kento,JPN,FW,NONE
MOHAMMAD ABUHASHEESH,JOR,DF,NONE
HUSAM ABUDAHAB,JOR,DF,NONE
YAZAN ALARAB,JOR,DF,NONE
MOHAMMAD ABUZRAIQ,JOR,FW,NONE
NOOR ALRAWABDEH,JOR,MF,NONE
MOUSA ALTAMARI,JOR,FW,NONE
ODEH FAKHOURY,JOR,FW,NONE
NOUR BANIATEYAH,JOR,GK,NONE
MAHMOUD ALMARDI,JOR,FW,NONE
RAJAEI AYED,JOR,MF,NONE
IBRAHIM SADEH,JOR,MF,NONE
MOHAMMAD ABUALNADI,JOR,DF,NONE
SALEEM OBAID,JOR,DF,NONE
MOHAMMAD ABUGHOUSH,JOR,MF,NONE
SAED ALROSAN,JOR,DF,NONE
MOHANNAD ABUTAHA,JOR,MF,NONE
NIZAR ALRASHDAN,JOR,MF,NONE
ABDALLAH ALFAKHORI,JOR,GK,NONE
EHSAN HADDAD,JOR,DF,NONE
MOHAMMAD ALDAOUD,JOR,MF,NONE
ANAS BADAWI,JOR,DF,NONE
KIM Seunggyu,KOR,GK,NONE
LEE Hanbeom,KOR,DF,NONE
LEE Gihyuk,KOR,MF,NONE
KIM Minjae,KOR,DF,NONE
KIM Taehyeon,KOR,DF,NONE
HWANG Inbeom,KOR,MF,NONE
SON Heungmin,KOR,FW,NONE
PAIK Seungho,KOR,MF,NONE
CHO Guesung,KOR,FW,NONE
LEE Jaesung,KOR,MF,NONE
HWANG Heechan,KOR,MF,NONE
SONG Bumkeun,KOR,GK,NONE
LEE Taeseok,KOR,DF,NONE
CHO Wije,KOR,DF,NONE
KIM Moonhwan,KOR,DF,NONE
BAE Junho,KOR,MF,NONE
OH Hyeongyu,KOR,FW,NONE
LEE Kangin,KOR,MF,NONE
YANG Hyunjun,KOR,MF,NONE
JO Hyeonwoo,KOR,GK,NONE
SEOL Youngwoo,KOR,DF,NONE
CASTROP Jens,KOR,DF,NONE
KIM Jingyu,KOR,MF,NONE
EOM Jisung,KOR,MF,NONE
LEE Donggyeong,KOR,MF,NONE
RANGEL Raul,MEX,GK,NONE
SANCHEZ Jorge,MEX,DF,NONE
MONTES Cesar,MEX,DF,NONE
ALVAREZ Edson,MEX,DF,NONE
VASQUEZ Johan,MEX,DF,NONE
LIRA Erik,MEX,MF,NONE
ROMO Luis,MEX,MF,NONE
FIDALGO Alvaro,MEX,MF,NONE
JIMENEZ Raul,MEX,FW,NONE
VEGA Alexis,MEX,FW,NONE
GIMENEZ Santiago,MEX,FW,NONE
ACEVEDO Carlos,MEX,GK,NONE
OCHOA Guillermo,MEX,GK,NONE
GONZALEZ Armando,MEX,FW,NONE
REYES Israel,MEX,DF,NONE
QUINONES Julian,MEX,FW,NONE
PINEDA Orbelin,MEX,MF,NONE
VARGAS Obed,MEX,MF,NONE
MORA Gilberto,MEX,MF,NONE
CHAVEZ Mateo,MEX,DF,NONE
HUERTA Cesar,MEX,FW,NONE
MARTINEZ Guillermo,MEX,FW,NONE
GALLARDO Jesus,MEX,DF,NONE
CHAVEZ Luis,MEX,MF,NONE
ALVARADO Roberto,MEX,FW,NONE
GUTIERREZ Brian,MEX,MF,NONE
BOUNOU Yassine,MAR,GK,NONE
HAKIMI Achraf,MAR,DF,NONE
MAZRAOUI Noussair,MAR,DF,NONE
AMRABAT Sofyan,MAR,MF,NONE
AGUERD Nayef,MAR,DF,NONE
BOUADDI Ayyoub,MAR,MF,NONE
TALBI Chemsdine,MAR,MF,NONE
OUNAHI Azzedine,MAR,MF,NONE
RAHIMI Soufiane,MAR,FW,NONE
DIAZ Brahim,MAR,FW,NONE
SAIBARI Ismael,MAR,MF,NONE
EL KAJOUI Munir,MAR,GK,NONE
EL OUAHDI Zakaria,MAR,DF,NONE
DIOP Issa,MAR,DF,NONE
EL MOURABET Samir,MAR,MF,NONE
YASSINE Gessime,MAR,MF,NONE
EZZALZOULI Abde,MAR,FW,NONE
RIAD Chadi,MAR,DF,NONE
BELAMMARI Youssef,MAR,DF,NONE
EL KAABI Ayoub,MAR,FW,NONE
AMAIMOUNI Ayoube,MAR,FW,NONE
TAGNAOUTI Ahmed Reda,MAR,GK,NONE
EL KHANNOUSS Bilal,MAR,MF,NONE
EL AYNAOUI Neil,MAR,MF,NONE
HALHAL Redouane,MAR,DF,NONE
SALAH EDDINE Anass,MAR,DF,NONE
VERBRUGGEN Bart,NED,GK,NONE
GEERTRUIDA Lutsharel,NED,DF,NONE
DE ROON Marten,NED,MF,NONE
VAN DIJK Virgil,NED,DF,NONE
AKE Nathan,NED,DF,NONE
VAN HECKE Jan Paul,NED,DF,NONE
KLUIVERT Justin,NED,MF,NONE
GRAVENBERCH Ryan,NED,MF,NONE
WEGHORST Wout,NED,FW,NONE
DEPAY Memphis,NED,FW,NONE
GAKPO Cody,NED,FW,NONE
WIEFFER Mats,NED,DF,NONE
ROEFS Robin,NED,GK,NONE
REIJNDERS Tijjani,NED,MF,NONE
VAN DE VEN Micky,NED,DF,NONE
TIL Guus,NED,MF,NONE
LANG Noa,NED,FW,NONE
MALEN Donyell,NED,FW,NONE
BROBBEY Brian,NED,FW,NONE
KOOPMEINERS Teun,NED,MF,NONE
DE JONG Frenkie,NED,MF,NONE
DUMFRIES Denzel,NED,DF,NONE
FLEKKEN Mark,NED,GK,NONE
SUMMERVILLE Crysencio,NED,FW,NONE
HATO Jorrel,NED,DF,NONE
TIMBER Quinten,NED,MF,NONE
CROCOMBE Max,NZL,GK,NONE
PAYNE Tim,NZL,DF,NONE
DE VRIES Francis,NZL,DF,NONE
BINDON Tyler,NZL,DF,NONE
BOXALL Michael,NZL,DF,NONE
BELL Joe,NZL,MF,NONE
GARBETT Matthew,NZL,MF,NONE
STAMENIC Marko,NZL,MF,NONE
WOOD Chris,NZL,FW,NONE
SINGH Sarpreet,NZL,MF,NONE
JUST Elijah,NZL,MF,NONE
PAULSEN Alex,NZL,GK,NONE
CACACE Liberato,NZL,DF,NONE
RUFER Alex,NZL,MF,NONE
PIJNAKER Nando,NZL,DF,NONE
SURMAN Finn,NZL,DF,NONE
BARBAROUSES Kosta,NZL,FW,NONE
WAINE Ben,NZL,FW,NONE
OLD Ben,NZL,MF,NONE
McCOWATT Callum,NZL,MF,NONE
RANDALL Jesse,NZL,FW,NONE
WOUD Michael,NZL,GK,NONE
THOMAS Ryan,NZL,MF,NONE
ELLIOT Callan,NZL,DF,NONE
BAYLISS Lachlan,NZL,MF,NONE
SMITH Tommy,NZL,DF,NONE
NYLAND Orjan,NOR,GK,NONE
THORSBY Morten,NOR,MF,NONE
AJER Kristoffer,NOR,DF,NONE
OSTIGARD Leo,NOR,DF,NONE
MOLLER WOLFE David,NOR,DF,NONE
BERG Patrick,NOR,MF,NONE
SORLOTH Alexander,NOR,FW,NONE
BERGE Sander,NOR,MF,NONE
HAALAND Erling,NOR,FW,NONE
ODEGAARD Martin,NOR,MF,NONE
STRAND LARSEN Jorgen,NOR,FW,NONE
TANGVIK Sander,NOR,GK,NONE
SELVIK Egil,NOR,GK,NONE
AURSNES Fredrik,NOR,MF,NONE
BJORKAN Fredrik Andre,NOR,DF,NONE
HOLMGREN PEDERSEN Marcus,NOR,DF,NONE
HEGGEM Torbjorn,NOR,DF,NONE
THORSTVEDT Kristian,NOR,MF,NONE
AASGAARD Thelo,NOR,MF,NONE
NUSA Antonio,NOR,FW,NONE
SCHJELDERUP Andreas,NOR,MF,NONE
BOBB Oscar,NOR,MF,NONE
HAUGE Jens Petter,NOR,MF,NONE
LANGAS Sondre,NOR,DF,NONE
FALCHENER Henrik,NOR,DF,NONE
RYERSON Julian,NOR,FW,NONE
MEJIA Luis,PAN,GK,NONE
BLACKMAN Cesar,PAN,DF,NONE
CORDOBA Jose,PAN,DF,NONE
ESCOBAR Fidel,PAN,DF,NONE
FARINA Edgardo,PAN,DF,NONE
MARTINEZ Cristian,PAN,MF,NONE
RODRIGUEZ Jose Luis,PAN,MF,NONE
CARRASQUILLA Adalberto,PAN,MF,NONE
RODRIGUEZ Tomas,PAN,FW,NONE
DIAZ Ismael,PAN,MF,NONE
BARCENAS Edgar Yoel,PAN,MF,NONE
SAMUDIO Cesar,PAN,GK,NONE
RAMOS Jiovany,PAN,DF,NONE
HARVEY Carlos,PAN,DF,NONE
DAVIS Eric,PAN,DF,NONE
ANDRADE Andres,PAN,DF,NONE
FAJARDO Jose,PAN,FW,NONE
WATERMAN Cecilio,PAN,FW,NONE
QUINTERO Alberto,PAN,MF,NONE
GODOY Anibal,PAN,MF,NONE
YANIS Cesar,PAN,MF,NONE
MOSQUERA Orlando,PAN,GK,NONE
MURILLO Amir,PAN,DF,NONE
LONDONO Azarias,PAN,FW,NONE
MILLER Roderick,PAN,DF,NONE
GUTIERREZ Jorge,PAN,DF,NONE
FERNANDEZ Gatito,PAR,GK,NONE
VELAZQUEZ Gustavo,PAR,DF,NONE
ALDERETE Omar,PAR,DF,NONE
CACERES Juan Jose,PAR,DF,NONE
BALBUENA Fabian,PAR,DF,NONE
ALONSO Junior,PAR,DF,NONE
SOSA Ramon,PAR,MF,NONE
GOMEZ Diego,PAR,MF,NONE
SANABRIA Antonio,PAR,FW,NONE
ALMIRON Miguel,PAR,MF,NONE
GILL Orlando,PAR,GK,NONE
CANALE Jose,PAR,DF,NONE
CUBAS Andres,PAR,MF,NONE
GOMEZ Gustavo,PAR,DF,NONE
BOBADILLA Damian,PAR,MF,NONE
ROMERO GAMARRA Alejandro,PAR,FW,NONE
ARCE Alex,PAR,FW,NONE
ENCISO Julio,PAR,FW,NONE
OJEDA Braian,PAR,MF,NONE
AVALOS Gabriel,PAR,FW,NONE
OLVEIRA Gaston,PAR,GK,NONE
GALARZA Matias,PAR,MF,NONE
CABALLERO Gustavo,PAR,MF,NONE
PITTA Isidro,PAR,FW,NONE
MAIDANA Alexandro,PAR,DF,NONE
JOSE SA,POR,GK,NONE
GONCALO INACIO,POR,DF,NONE
GONCALO GUEDES,POR,FW,NONE
RUI SILVA,POR,GK,NONE
PEDRO MIGUEL,QAT,DF,NONE
MOHAMMED MUNTARI,QAT,FW,NONE
HASSAN ALHAYDOS,QAT,FW,NONE
AYOUB ALOUI,QAT,DF,NONE
AHMED ALGANEHI,QAT,MF,NONE
SULTAN ALBRAKE,QAT,DF,NONE
SALAH ZAKARIA,QAT,GK,NONE
MESHAAL BARSHAM,QAT,GK,NONE
TAHSIN MOHAMMED,QAT,FW,NONE
ALHASHMI ALHUSSEIN,QAT,DF,NONE
NAWAF ALAQIDI,KSA,GK,NONE
ALI MAJRASHI,KSA,DF,NONE
ABDULELAH ALAMRI,KSA,DF,NONE
HASSAN ALTAMBAKTI,KSA,DF,NONE
NASSER ALDAWSARI,KSA,MF,NONE
MUSAB ALJUWAYR,KSA,MF,NONE
AIMAN YAHYA,KSA,FW,NONE
FERAS ALBRIKAN,KSA,FW,NONE
SALEM ALDAWSARI,KSA,FW,NONE
SALEH ALSHEHRI,KSA,FW,NONE
NAWAF BU WASHL,KSA,DF,NONE
HASSAN KADISH,KSA,DF,NONE
ABDULLAH ALKHAIBARI,KSA,MF,NONE
ZIYAD ALJOHANI,KSA,MF,NONE
KHALID ALGHANNAM,KSA,FW,NONE
ALA ALHAJJI,KSA,MF,NONE
ABDULLAH ALHAMDDAN,KSA,FW,NONE
SULTAN MANDASH,KSA,FW,NONE
MOHAMMED ALOWAIS,KSA,GK,NONE
AHMED ALKASSAR,KSA,GK,NONE
MOTEB ALHARBI,KSA,DF,NONE
JEHAD THIKRI,KSA,DF,NONE
MOHAMMED ABU ALSHAMAT,KSA,DF,NONE
GUNN Angus,SCO,GK,NONE
HICKEY Aaron,SCO,DF,NONE
ROBERTSON Andy,SCO,DF,NONE
McTOMINAY Scott,SCO,MF,NONE
HANLEY Grant,SCO,DF,NONE
TIERNEY Kieran,SCO,DF,NONE
McGINN John,SCO,MF,NONE
FLETCHER Tyler,SCO,MF,NONE
DYKES Lyndon,SCO,FW,NONE
ADAMS Che,SCO,FW,NONE
CHRISTIE Ryan,SCO,MF,NONE
KELLY Liam,SCO,GK,NONE
HENDRY Jack,SCO,DF,NONE
STEWART Ross,SCO,FW,NONE
SOUTTAR John,SCO,DF,NONE
HYAM Dominic,SCO,DF,NONE
GANNON-DOAK Ben,SCO,FW,NONE
HIRST George,SCO,FW,NONE
FERGUSON Lewis,SCO,MF,NONE
SHANKLAND Lawrence,SCO,FW,NONE
GORDON Craig,SCO,GK,NONE
PATTERSON Nathan,SCO,DF,NONE
McLEAN Kenny,SCO,MF,NONE
RALSTON Anthony,SCO,DF,NONE
CURTIS Findlay,SCO,FW,NONE
McKENNA Scott,SCO,DF,NONE
DIOUF Yehvann,SEN,GK,NONE
SARR Mamadou,SEN,DF,NONE
KOULIBALY Kalidou,SEN,DF,NONE
SECK Abdoulaye,SEN,DF,NONE
GUEYE Idrissa Gana,SEN,MF,NONE
CISS Pathe,SEN,MF,NONE
DIAO Assane,SEN,FW,NONE
CAMARA Lamine,SEN,MF,NONE
DIENG Bamba,SEN,FW,NONE
MANE Sadio,SEN,FW,NONE
JACKSON Nicolas,SEN,FW,NONE
NDIAYE Cherif,SEN,FW,NONE
NDIAYE Iliman,SEN,FW,NONE
JAKOBS Ismail,SEN,DF,NONE
DIATTA Krepin,SEN,DF,NONE
MENDY Edouard,SEN,GK,NONE
SARR Pape Matar,SEN,MF,NONE
SARR Ismaila,SEN,FW,NONE
NIAKHATE Moussa,SEN,DF,NONE
MBAYE Ibrahim,SEN,FW,NONE
DIARRA Habib,SEN,MF,NONE
NDIAYE Bara Sapoko,SEN,MF,NONE
DIAW Mory,SEN,GK,NONE
MENDY Antoine,SEN,DF,NONE
DIOUF El Hadji Malick,SEN,DF,NONE
GUEYE Pape,SEN,MF,NONE
WILLIAMS Ronwen,RSA,GK,NONE
MATULUDI Thabang,RSA,DF,NONE
NDAMANE Khulumani,RSA,DF,NONE
MOKOENA Teboho,RSA,MF,NONE
MBATHA Thalente,RSA,MF,NONE
MODIBA Aubrey,RSA,DF,NONE
APPOLLIS Oswin,RSA,FW,NONE
MOREMI Tshepang,RSA,FW,NONE
FOSTER Lyle,RSA,FW,NONE
MOFOKENG Relebohile,RSA,FW,NONE
ZWANE Themba,RSA,MF,NONE
MASEKO Thapelo,RSA,FW,NONE
SITHOLE Sphephelo,RSA,MF,NONE
MBOKAZI Mbekezeli,RSA,DF,NONE
RAYNERS Iqraam,RSA,FW,NONE
CHAINE Sipho,RSA,GK,NONE
MAKGOPA Evidence,RSA,FW,NONE
KABINI Samukele,RSA,DF,NONE
SIBISI Nkosinathi,RSA,DF,NONE
MUDAU Khuliso,RSA,DF,NONE
OKON Ime,RSA,DF,NONE
GOSS Ricardo,RSA,GK,NONE
ADAMS Jayden,RSA,MF,NONE
MAKHANYA Olwethu,RSA,DF,NONE
SEBELEBELE Kamogelo,RSA,FW,NONE
CROSS Bradley,RSA,DF,NONE
RAYA David,ESP,GK,NONE
PUBILL Marc,ESP,DF,NONE
GRIMALDO Alex,ESP,DF,NONE
GARCIA Eric,ESP,DF,NONE
LLORENTE Marcos,ESP,DF,NONE
MERINO Mikel,ESP,MF,NONE
TORRES Ferran,ESP,FW,NONE
RUIZ Fabian,ESP,MF,NONE
OLMO Dani,ESP,FW,NONE
PINO Yeremy,ESP,FW,NONE
PORRO Pedro,ESP,DF,NONE
GARCIA Joan,ESP,GK,NONE
LAPORTE Aymeric,ESP,DF,NONE
BAENA Alex,ESP,MF,NONE
WILLIAMS Nico,ESP,FW,NONE
ZUBIMENDI Martin,ESP,MF,NONE
YAMAL Lamine,ESP,FW,NONE
OYARZABAL Mikel,ESP,FW,NONE
CUBARSI Pau,ESP,DF,NONE
SIMON Unai,ESP,GK,NONE
CUCURELLA Marc,ESP,DF,NONE
MUNOZ Victor,ESP,FW,NONE
IGLESIAS Borja,ESP,FW,NONE
WIDELL ZETTERSTROM Jacob,SWE,GK,NONE
LAGERBIELKE Gustaf,SWE,DF,NONE
LINDELOF Victor,SWE,DF,NONE
HIEN Isak,SWE,DF,NONE
GUDMUNDSSON Gabriel,SWE,DF,NONE
JOHANSSON Herman,SWE,DF,NONE
BERGVALL Lucas,SWE,MF,NONE
SVENSSON Daniel,SWE,DF,NONE
ISAK Alexander,SWE,FW,NONE
NYGREN Benjamin,SWE,MF,NONE
ELANGA Anthony,SWE,FW,NONE
JOHANSSON Viktor,SWE,GK,NONE
SEMA Ken,SWE,MF,NONE
EKDAL Hjalmar,SWE,DF,NONE
STARFELT Carl,SWE,DF,NONE
KARLSTROM Jesper,SWE,MF,NONE
GYOKERES Viktor,SWE,FW,NONE
AYARI Yasin,SWE,MF,NONE
SVANBERG Mattias,SWE,MF,NONE
SMITH Eric,SWE,DF,NONE
BERNHARDSSON Alexander,SWE,DF,NONE
ZENELI Besfort,SWE,MF,NONE
NORDFELDT Kristoffer,SWE,GK,NONE
STROUD Elliot,SWE,DF,NONE
NILSSON Gustaf,SWE,FW,NONE
ALI Taha,SWE,FW,NONE
KOBEL Gregor,SUI,GK,NONE
MUHEIM Miro,SUI,DF,NONE
WIDMER Silvan,SUI,DF,NONE
ELVEDI Nico,SUI,DF,NONE
AKANJI Manuel,SUI,DF,NONE
ZAKARIA Denis,SUI,MF,NONE
EMBOLO Breel,SUI,FW,NONE
FREULER Remo,SUI,MF,NONE
MANZAMBI Johan,SUI,MF,NONE
XHAKA Granit,SUI,MF,NONE
NDOYE Dan,SUI,FW,NONE
MVOGO Yvon,SUI,GK,NONE
RODRIGUEZ Ricardo,SUI,DF,NONE
JASHARI Ardon,SUI,MF,NONE
SOW Djibril,SUI,MF,NONE
FASSNACHT Christian,SUI,FW,NONE
VARGAS Ruben,SUI,FW,NONE
COEMERT Eray,SUI,DF,NONE
OKAFOR Noah,SUI,FW,NONE
AEBISCHER Michel,SUI,MF,NONE
KELLER Marvin,SUI,GK,NONE
RIEDER Fabian,SUI,MF,NONE
AMDOUNI Zeki,SUI,FW,NONE
AMENDA Aurele,SUI,DF,NONE
JAQUEZ Luca,SUI,DF,NONE
ITTEN Cedric,SUI,FW,NONE
CHAMAKH Mouhib,TUN,GK,NONE
ABDI Ali,TUN,DF,NONE
TALBI Montassar,TUN,DF,NONE
REKIK Omar,TUN,DF,NONE
AROUS Adam,TUN,DF,NONE
BRONN Dylan,TUN,DF,NONE
ACHOURI Elias,TUN,FW,NONE
SAAD Elias,TUN,FW,NONE
MASTOURI Hazem,TUN,FW,NONE
MEJBRI Hannibal,TUN,MF,NONE
GHARBI Ismael,TUN,MF,NONE
BEN OUANES Mortadha,TUN,DF,NONE
KHEDIRA Rani,TUN,MF,NONE
AYARI Khalil,TUN,MF,NONE
HADJ MAHMOUD Mohamed,TUN,MF,NONE
DAHMEN Aymen,TUN,GK,NONE
SKHIRI Ellyes,TUN,MF,NONE
ELLOUMI Rayan,TUN,FW,NONE
CHAOUAT Firas,TUN,FW,NONE
VALERY Yan,TUN,DF,NONE
BEN HMIDA Mohamed Amine,TUN,DF,NONE
BEN HESSEN Sabri,TUN,GK,NONE
NEFFATI Moutaz,TUN,DF,NONE
CHIKHAOUI Raed,TUN,DF,NONE
SLIMANE Anis,TUN,MF,NONE
TOUNEKTI Sebastian,TUN,MF,NONE
GUNOK Mert,TUR,GK,NONE
CELIK Zeki,TUR,DF,NONE
DEMIRAL Merih,TUR,DF,NONE
SOYUNCU Caglar,TUR,DF,NONE
OZCAN Salih,TUR,MF,NONE
KOKCU Orkun,TUR,MF,NONE
AKTURKOGLU Kerem,TUR,FW,NONE
GULER Arda,TUR,FW,NONE
GUL Deniz,TUR,FW,NONE
CALHANOGLU Hakan,TUR,MF,NONE
YILDIZ Kenan,TUR,FW,NONE
BAYINDIR Altay,TUR,GK,NONE
ELMALI Eren,TUR,DF,NONE
BARDAKCI Abdulkerim,TUR,DF,NONE
KABAK Ozan,TUR,DF,NONE
YUKSEK Ismail,TUR,MF,NONE
KAHVECI Irfan Can,TUR,FW,NONE
MULDUR Mert,TUR,DF,NONE
AKGUN Yunus,TUR,FW,NONE
KADIOGLU Ferdi,TUR,DF,NONE
YILMAZ Baris Alper,TUR,FW,NONE
AYHAN Kaan,TUR,MF,NONE
CAKIR Ugurcan,TUR,GK,NONE
AYDIN Oguz,TUR,FW,NONE
AKAYDIN Samet,TUR,DF,NONE
UZUN Can,TUR,FW,NONE
ROCHET Sergio,URU,GK,NONE
GIMENEZ Jose Maria,URU,DF,NONE
CACERES Sebastian,URU,DF,NONE
ARAUJO Ronald,URU,DF,NONE
UGARTE Manuel,URU,MF,NONE
BENTANCUR Rodrigo,URU,MF,NONE
DE LA CRUZ Nicolas,URU,MF,NONE
VALVERDE Federico,URU,MF,NONE
NUNEZ Darwin,URU,FW,NONE
DE ARRASCAETA Giorgian,URU,MF,NONE
PELLISTRI Facundo,URU,FW,NONE
MELE Santiago,URU,GK,NONE
VARELA Guillermo,URU,DF,NONE
CANOBBIO Agustin,URU,MF,NONE
MARTINEZ Emiliano,URU,MF,NONE
OLIVERA Mathias,URU,DF,NONE
VINA Matias,URU,DF,NONE
RODRIGUEZ Brian,URU,FW,NONE
AGUIRRE Rodrigo,URU,FW,NONE
ARAUJO Maxi,URU,MF,NONE
VINAS Federico,URU,FW,NONE
PIQUEREZ Joaquin,URU,MF,NONE
MUSLERA Fernando,URU,GK,NONE
BUENO Santiago,URU,DF,NONE
SANABRIA Juan Manuel,URU,MF,NONE
ZALAZAR Rodrigo,URU,MF,NONE
TURNER Matt,USA,GK,NONE
DEST Sergino,USA,DF,NONE
RICHARDS Chris,USA,DF,NONE
ADAMS Tyler,USA,MF,NONE
ROBINSON Antonee,USA,DF,NONE
TRUSTY Auston,USA,DF,NONE
REYNA Giovanni,USA,MF,NONE
McKENNIE Weston,USA,MF,NONE
PEPI Ricardo,USA,FW,NONE
PULISIC Christian,USA,FW,NONE
AARONSON Brenden,USA,FW,NONE
ROBINSON Miles,USA,DF,NONE
REAM Tim,USA,DF,NONE
BERHALTER Sebastian,USA,MF,NONE
ROLDAN Cristian,USA,MF,NONE
FREEMAN Alex,USA,DF,NONE
TILLMAN Malik,USA,MF,NONE
ARFSTEN Max,USA,DF,NONE
WRIGHT Haji,USA,FW,NONE
BALOGUN Folarin,USA,FW,NONE
WEAH Timothy,USA,FW,NONE
McKENZIE Mark,USA,DF,NONE
SCALLY Joe,USA,DF,NONE
FREESE Matt,USA,GK,NONE
BRADY Chris,USA,GK,NONE
ZENDEJAS Alex,USA,FW,NONE
YUSUPOV Utkir,UZB,GK,NONE
KHUSANOV Abdukodir,UZB,DF,NONE
ALIJONOV Khojiakbar,UZB,DF,NONE
SAYFIEV Farrukh,UZB,DF,NONE
ASHURMATOV Rustam,UZB,DF,NONE
MOZGOVOY Akmal,UZB,MF,NONE
SHUKUROV Otabek,UZB,MF,NONE
ISKANDEROV Jamshid,UZB,MF,NONE
XAMROBEKOV Odiljon,UZB,MF,NONE
MASHARIPOV Jaloliddin,UZB,MF,NONE
URUNOV Oston,UZB,MF,NONE
NEMATOV Abduvohid,UZB,GK,NONE
NASRULLAEV Sherzod,UZB,DF,NONE
SHOMURODOV Eldor,UZB,FW,NONE
ESHMURODOV Umar,UZB,DF,NONE
ERGASHEV Botirali,UZB,GK,NONE
KHAMDAMOV Dostonbek,UZB,MF,NONE
ABDULLAEV Abdulla,UZB,DF,NONE
GANIEV Azizjon,UZB,MF,NONE
AMONOV Azizbek,UZB,FW,NONE
SERGEEV Igor,UZB,FW,NONE
FAYZULLAEV Abbosbek,UZB,MF,NONE
ESANOV Sherzod,UZB,MF,NONE
KARIMOV Behruzjon,UZB,DF,NONE
ULMASALIYEV Avazbek,UZB,DF,NONE
UROZOV Jakhongir,UZB,DF,NONE
