player_id,player_name,national_team,nationality,club,position,age,height_cm,is_matched,fbref_name,matches,starts,minutes,90s,goals,assists,goals_assists,goals_minus_pk,penalties,penalties_attempted,yellow_cards,red_cards,shots,shots_on_target,tackles_won,interceptions,goals_against,ga90,shots_on_target_against,saves,save_pct,clean_sheets,clean_sheet_pct,position_group,goals_p90,assists_p90,g_plus_a,g_plus_a_p90,shots_p90,shots_on_target_p90,shot_accuracy_pct,tackles_won_p90,interceptions_p90,overall_rating
1,MASTIL Melvin,ALG,Algeria,FC Stade Nyonnais,GK,26,194,0,Not in FBref,0,0,0,0.0,0,0,0,0,0,0,0,0,0,0,0,0,0.0,0.0,0.0,0.0,0.0,0.0,0.0,GK,0.0,0.0,0,0.0,0.0,0.0,0.0,0.0,0.0,65.0
3,ABADA Achref,ALG,Algeria,USM Alger,DF,26,185,0,Not in FBref,0,0,0,0.0,0,0,0,0,0,0,0,0,0,0,0,0,0.0,0.0,0.0,0.0,0.0,0.0,0.0,DF,0.0,0.0,0,0.0,0.0,0.0,0.0,0.0,0.0,65.0
24,TITRAOUI Yassine,ALG,Algeria,Sporting Charleroi,MF,22,180,0,Not in FBref,0,0,0,0.0,0,0,0,0,0,0,0,0,0,0,0,0,0.0,0.0,0.0,0.0,0.0,0.0,0.0,MF,0.0,0.0,0,0.0,0.0,0.0,0.0,0.0,0.0,65.0
27,MUSSO Juan,ARG,Argentina,Atlético De Madrid,GK,32,193,0,Not in FBref,0,0,0,0.0,0,0,0,0,0,0,0,0,0,0,0,0,0.0,0.0,0.0,0.0,0.0,0.0,0.0,GK,0.0,0.0,0,0.0,0.0,0.0,0.0,0.0,0.0,65.0
28,BALERDI Leonardo,ARG,Argentina,Olympique Marseille,DF,27,188,0,Not in FBref,0,0,0,0.0,0,0,0,0,0,0,0,0,0,0,0,0,0.0,0.0,0.0,0.0,0.0,0.0,0.0,DF,0.0,0.0,0,0.0,0.0,0.0,0.0,0.0,0.0,65.0
38,RULLI Geronimo,ARG,Argentina,Olympique Marseille,GK,34,189,0,Not in FBref,0,0,0,0.0,0,0,0,0,0,0,0,0,0,0,0,0,0.0,0.0,0.0,0.0,0.0,0.0,0.0,GK,0.0,0.0,0,0.0,0.0,0.0,0.0,0.0,0.0,65.0
54,DEGENEK Milos,AUS,Australia,APOEL FC,DF,32,187,0,Not in FBref,0,0,0,0.0,0,0,0,0,0,0,0,0,0,0,0,0,0.0,0.0,0.0,0.0,0.0,0.0,0.0,DF,0.0,0.0,0,0.0,0.0,0.0,0.0,0.0,0.0,65.0
66,DEVLIN Cameron,AUS,Australia,Heart Of Midlothian FC,MF,28,170,0,Not in FBref,0,0,0,0.0,0,0,0,0,0,0,0,0,0,0,0,0,0.0,0.0,0.0,0.0,0.0,0.0,0.0,MF,0.0,0.0,0,0.0,0.0,0.0,0.0,0.0,0.0,65.0
90,WIEGELE Florian,AUT,Austria,FC Viktoria Plzeň,GK,25,205,0,Not in FBref,0,0,0,0.0,0,0,0,0,0,0,0,0,0,0,0,0,0.0,0.0,0.0,0.0,0.0,0.0,0.0,GK,0.0,0.0,0,0.0,0.0,0.0,0.0,0.0,0.0,65.0
91,PENTZ Patrick,AUT,Austria,Brøndby IF,GK,29,183,0,Not in FBref,0,0,0,0.0,0,0,0,0,0,0,0,0,0,0,0,0,0.0,0.0,0.0,0.0,0.0,0.0,0.0,GK,0.0,0.0,0,0.0,0.0,0.0,0.0,0.0,0.0,65.0
97,BAUMGARTNER Christoph,AUT,Austria,RB Leipzig,MF,26,180,0,Not in FBref,0,0,0,0.0,0,0,0,0,0,0,0,0,0,0,0,0,0.0,0.0,0.0,0.0,0.0,0.0,0.0,MF,0.0,0.0,0,0.0,0.0,0.0,0.0,0.0,0.0,65.0
103,SVOBODA Michael,AUT,Austria,Venezia FC,DF,27,195,0,Not in FBref,0,0,0,0.0,0,0,0,0,0,0,0,0,0,0,0,0,0.0,0.0,0.0,0.0,0.0,0.0,0.0,DF,0.0,0.0,0,0.0,0.0,0.0,0.0,0.0,0.0,65.0
104,SCHOEPF Alessandro,AUT,Austria,Wolfsberger AC,MF,32,178,0,Not in FBref,0,0,0,0.0,0,0,0,0,0,0,0,0,0,0,0,0,0.0,0.0,0.0,0.0,0.0,0.0,0.0,MF,0.0,0.0,0,0.0,0.0,0.0,0.0,0.0,0.0,65.0
106,DEBAST Zeno,BEL,Belgium,Sporting CP,DF,22,189,0,Not in FBref,0,0,0,0.0,0,0,0,0,0,0,0,0,0,0,0,0,0.0,0.0,0.0,0.0,0.0,0.0,0.0,DF,0.0,0.0,0,0.0,0.0,0.0,0.0,0.0,0.0,65.0
117,PENDERS Mike,BEL,Belgium,RC Strasbourg,GK,20,200,0,Not in FBref,0,0,0,0.0,0,0,0,0,0,0,0,0,0,0,0,0,0.0,0.0,0.0,0.0,0.0,0.0,0.0,GK,0.0,0.0,0,0.0,0.0,0.0,0.0,0.0,0.0,65.0
120,DE WINTER Koni,BEL,Belgium,AC Milan,DF,23,191,0,Not in FBref,0,0,0,0.0,0,0,0,0,0,0,0,0,0,0,0,0,0.0,0.0,0.0,0.0,0.0,0.0,0.0,DF,0.0,0.0,0,0.0,0.0,0.0,0.0,0.0,0.0,65.0
132,MUJAKIC Nihad,BIH,Bosnia And Herzegovina,Gaziantep FK,DF,28,189,0,Not in FBref,0,0,0,0.0,0,0,0,0,0,0,0,0,0,0,0,0,0.0,0.0,0.0,0.0,0.0,0.0,0.0,DF,0.0,0.0,0,0.0,0.0,0.0,0.0,0.0,0.0,65.0
142,JURKAS Mladen,BIH,Bosnia And Herzegovina,FK Borac Banja Luka,GK,18,193,0,Not in FBref,0,0,0,0.0,0,0,0,0,0,0,0,0,0,0,0,0,0.0,0.0,0.0,0.0,0.0,0.0,0.0,GK,0.0,0.0,0,0.0,0.0,0.0,0.0,0.0,0.0,65.0
152,ZLOMISLIC Martin,BIH,Bosnia And Herzegovina,HNK Rijeka,GK,27,189,0,Not in FBref,0,0,0,0.0,0,0,0,0,0,0,0,0,0,0,0,0,0.0,0.0,0.0,0.0,0.0,0.0,0.0,GK,0.0,0.0,0,0.0,0.0,0.0,0.0,0.0,0.0,65.0
154,CELIK Nidal,BIH,Bosnia And Herzegovina,RC Lens,DF,19,192,0,Not in FBref,0,0,0,0.0,0,0,0,0,0,0,0,0,0,0,0,0,0.0,0.0,0.0,0.0,0.0,0.0,0.0,DF,0.0,0.0,0,0.0,0.0,0.0,0.0,0.0,0.0,65.0
168,WEVERTON,BRA,Brazil,Grêmio FBPA,GK,38,189,0,Not in FBref,0,0,0,0.0,0,0,0,0,0,0,0,0,0,0,0,0,0.0,0.0,0.0,0.0,0.0,0.0,0.0,GK,0.0,0.0,0,0.0,0.0,0.0,0.0,0.0,0.0,65.0
170,BREMER,BRA,Brazil,Juventus FC,DF,29,188,0,Not in FBref,0,0,0,0.0,0,0,0,0,0,0,0,0,0,0,0,0,0.0,0.0,0.0,0.0,0.0,0.0,0.0,DF,0.0,0.0,0,0.0,0.0,0.0,0.0,0.0,0.0,65.0
171,LEO PEREIRA,BRA,Brazil,CR Flamengo,DF,30,189,0,Not in FBref,0,0,0,0.0,0,0,0,0,0,0,0,0,0,0,0,0,0.0,0.0,0.0,0.0,0.0,0.0,0.0,DF,0.0,0.0,0,0.0,0.0,0.0,0.0,0.0,0.0,65.0
184,STOPIRA,CPV,Cabo Verde,SCU Torreense,DF,38,178,0,Not in FBref,0,0,0,0.0,0,0,0,0,0,0,0,0,0,0,0,0,0.0,0.0,0.0,0.0,0.0,0.0,0.0,DF,0.0,0.0,0,0.0,0.0,0.0,0.0,0.0,0.0,65.0
187,LOGAN COSTA,CPV,Cabo Verde,Villarreal CF,DF,25,190,0,Not in FBref,0,0,0,0.0,0,0,0,0,0,0,0,0,0,0,0,0,0.0,0.0,0.0,0.0,0.0,0.0,0.0,DF,0.0,0.0,0,0.0,0.0,0.0,0.0,0.0,0.0,65.0
194,MARCIO ROSA,CPV,Cabo Verde,PFC Montana,GK,29,186,0,Not in FBref,0,0,0,0.0,0,0,0,0,0,0,0,0,0,0,0,0,0.0,0.0,0.0,0.0,0.0,0.0,0.0,GK,0.0,0.0,0,0.0,0.0,0.0,0.0,0.0,0.0,65.0
205,CJ DOS SANTOS,CPV,Cabo Verde,San Diego FC,GK,25,189,0,Not in FBref,0,0,0,0.0,0,0,0,0,0,0,0,0,0,0,0,0,0.0,0.0,0.0,0.0,0.0,0.0,0.0,GK,0.0,0.0,0,0.0,0.0,0.0,0.0,0.0,0.0,65.0
207,KELVIN PIRES,CPV,Cabo Verde,SJK,DF,26,193,0,Not in FBref,0,0,0,0.0,0,0,0,0,0,0,0,0,0,0,0,0,0.0,0.0,0.0,0.0,0.0,0.0,0.0,DF,0.0,0.0,0,0.0,0.0,0.0,0.0,0.0,0.0,65.0
209,ST. CLAIR Dayne,CAN,Canada,Inter Miami CF,GK,29,191,0,Not in FBref,0,0,0,0.0,0,0,0,0,0,0,0,0,0,0,0,0,0.0,0.0,0.0,0.0,0.0,0.0,0.0,GK,0.0,0.0,0,0.0,0.0,0.0,0.0,0.0,0.0,65.0
211,JONES Alfie,CAN,Canada,Middlesbrough FC,DF,28,191,0,Not in FBref,0,0,0,0.0,0,0,0,0,0,0,0,0,0,0,0,0,0.0,0.0,0.0,0.0,0.0,0.0,0.0,DF,0.0,0.0,0,0.0,0.0,0.0,0.0,0.0,0.0,65.0
213,WATERMAN Joel,CAN,Canada,Chicago Fire FC,DF,30,185,0,Not in FBref,0,0,0,0.0,0,0,0,0,0,0,0,0,0,0,0,0,0.0,0.0,0.0,0.0,0.0,0.0,0.0,DF,0.0,0.0,0,0.0,0.0,0.0,0.0,0.0,0.0,65.0
226,GOODMAN Owen,CAN,Canada,Barnsley,GK,22,193,0,Not in FBref,0,0,0,0.0,0,0,0,0,0,0,0,0,0,0,0,0,0.0,0.0,0.0,0.0,0.0,0.0,0.0,GK,0.0,0.0,0,0.0,0.0,0.0,0.0,0.0,0.0,65.0
234,FLORES Marcelo,CAN,Canada,Tigres UANL,MF,22,164,0,Not in FBref,0,0,0,0.0,0,0,0,0,0,0,0,0,0,0,0,0,0.0,0.0,0.0,0.0,0.0,0.0,0.0,MF,0.0,0.0,0,0.0,0.0,0.0,0.0,0.0,0.0,65.0
235,OSPINA David,COL,Colombia,Atlético Nacional,GK,37,183,0,Not in FBref,0,0,0,0.0,0,0,0,0,0,0,0,0,0,0,0,0,0.0,0.0,0.0,0.0,0.0,0.0,0.0,GK,0.0,0.0,0,0.0,0.0,0.0,0.0,0.0,0.0,65.0
242,CARRASCAL Jorge,COL,Colombia,CR Flamengo,MF,28,180,0,Not in FBref,0,0,0,0.0,0,0,0,0,0,0,0,0,0,0,0,0,0.0,0.0,0.0,0.0,0.0,0.0,0.0,MF,0.0,0.0,0,0.0,0.0,0.0,0.0,0.0,0.0,65.0
249,PORTILLA Juan,COL,Colombia,Athletico Paranaense,MF,27,181,0,Not in FBref,0,0,0,0.0,0,0,0,0,0,0,0,0,0,0,0,0,0.0,0.0,0.0,0.0,0.0,0.0,0.0,MF,0.0,0.0,0,0.0,0.0,0.0,0.0,0.0,0.0,65.0
252,DITTA Willer,COL,Colombia,CF Cruz Azul,DF,28,179,0,Not in FBref,0,0,0,0.0,0,0,0,0,0,0,0,0,0,0,0,0,0.0,0.0,0.0,0.0,0.0,0.0,0.0,DF,0.0,0.0,0,0.0,0.0,0.0,0.0,0.0,0.0,65.0
258,MONTERO Alvaro,COL,Colombia,CA Vélez Sarsfield,GK,31,201,0,Not in FBref,0,0,0,0.0,0,0,0,0,0,0,0,0,0,0,0,0,0.0,0.0,0.0,0.0,0.0,0.0,0.0,GK,0.0,0.0,0,0.0,0.0,0.0,0.0,0.0,0.0,65.0
265,BATUBINSIKA Dylan,COD,Congo DR,AEL FC,DF,30,185,0,Not in FBref,0,0,0,0.0,0,0,0,0,0,0,0,0,0,0,0,0,0.0,0.0,0.0,0.0,0.0,0.0,0.0,DF,0.0,0.0,0,0.0,0.0,0.0,0.0,0.0,0.0,65.0
271,KAKUTA Gael,COD,Congo DR,AEL FC,FW,34,174,0,Not in FBref,0,0,0,0.0,0,0,0,0,0,0,0,0,0,0,0,0,0.0,0.0,0.0,0.0,0.0,0.0,0.0,FW,0.0,0.0,0,0.0,0.0,0.0,0.0,0.0,0.0,65.0
275,TSHIBOLA Aaron,COD,Congo DR,Kilmarnock FC,MF,31,184,0,Not in FBref,0,0,0,0.0,0,0,0,0,0,0,0,0,0,0,0,0,0.0,0.0,0.0,0.0,0.0,0.0,0.0,MF,0.0,0.0,0,0.0,0.0,0.0,0.0,0.0,0.0,65.0
276,FAYULU Timothy,COD,Congo DR,FC Noah,GK,26,192,0,Not in FBref,0,0,0,0.0,0,0,0,0,0,0,0,0,0,0,0,0,0.0,0.0,0.0,0.0,0.0,0.0,0.0,GK,0.0,0.0,0,0.0,0.0,0.0,0.0,0.0,0.0,65.0
281,EPOLO Matthieu,COD,Congo DR,Standard Liège,GK,21,183,0,Not in FBref,0,0,0,0.0,0,0,0,0,0,0,0,0,0,0,0,0,0.0,0.0,0.0,0.0,0.0,0.0,0.0,GK,0.0,0.0,0,0.0,0.0,0.0,0.0,0.0,0.0,65.0
302,KONE Mohamed,CIV,Côte D'Ivoire,Sporting Charleroi,GK,24,186,0,Not in FBref,0,0,0,0.0,0,0,0,0,0,0,0,0,0,0,0,0,0.0,0.0,0.0,0.0,0.0,0.0,0.0,GK,0.0,0.0,0,0.0,0.0,0.0,0.0,0.0,0.0,65.0
307,NDICKA Evan,CIV,Côte D'Ivoire,AS Roma,DF,26,192,0,Not in FBref,0,0,0,0.0,0,0,0,0,0,0,0,0,0,0,0,0,0.0,0.0,0.0,0.0,0.0,0.0,0.0,DF,0.0,0.0,0,0.0,0.0,0.0,0.0,0.0,0.0,65.0
309,LAFONT Alban,CIV,Côte D'Ivoire,Panathinaikos FC,GK,27,196,0,Not in FBref,0,0,0,0.0,0,0,0,0,0,0,0,0,0,0,0,0,0.0,0.0,0.0,0.0,0.0,0.0,0.0,GK,0.0,0.0,0,0.0,0.0,0.0,0.0,0.0,0.0,65.0
311,GUIAGON Parfait,CIV,Côte D'Ivoire,Sporting Charleroi,MF,25,165,0,Not in FBref,0,0,0,0.0,0,0,0,0,0,0,0,0,0,0,0,0,0.0,0.0,0.0,0.0,0.0,0.0,0.0,MF,0.0,0.0,0,0.0,0.0,0.0,0.0,0.0,0.0,65.0
317,CALETA-CAR Duje,CRO,Croatia,Real Sociedad,DF,29,193,0,Not in FBref,0,0,0,0.0,0,0,0,0,0,0,0,0,0,0,0,0,0.0,0.0,0.0,0.0,0.0,0.0,0.0,DF,0.0,0.0,0,0.0,0.0,0.0,0.0,0.0,0.0,65.0
319,MORO Nikola,CRO,Croatia,Bologna FC,MF,28,183,0,Not in FBref,0,0,0,0.0,0,0,0,0,0,0,0,0,0,0,0,0,0.0,0.0,0.0,0.0,0.0,0.0,0.0,MF,0.0,0.0,0,0.0,0.0,0.0,0.0,0.0,0.0,65.0
324,PANDUR Ivor,CRO,Croatia,Hull City FC,GK,26,187,0,Not in FBref,0,0,0,0.0,0,0,0,0,0,0,0,0,0,0,0,0,0.0,0.0,0.0,0.0,0.0,0.0,0.0,GK,0.0,0.0,0,0.0,0.0,0.0,0.0,0.0,0.0,65.0
330,JAKIC Kristijan,CRO,Croatia,FC Augsburg,DF,29,181,0,Not in FBref,0,0,0,0.0,0,0,0,0,0,0,0,0,0,0,0,0,0.0,0.0,0.0,0.0,0.0,0.0,0.0,DF,0.0,0.0,0,0.0,0.0,0.0,0.0,0.0,0.0,65.0
331,FRUK Toni,CRO,Croatia,HNK Rijeka,MF,25,177,0,Not in FBref,0,0,0,0.0,0,0,0,0,0,0,0,0,0,0,0,0,0.0,0.0,0.0,0.0,0.0,0.0,0.0,MF,0.0,0.0,0,0.0,0.0,0.0,0.0,0.0,0.0,65.0
335,KOTARSKI Dominik,CRO,Croatia,FC København,GK,26,190,0,Not in FBref,0,0,0,0.0,0,0,0,0,0,0,0,0,0,0,0,0,0.0,0.0,0.0,0.0,0.0,0.0,0.0,GK,0.0,0.0,0,0.0,0.0,0.0,0.0,0.0,0.0,65.0
337,ERLIC Martin,CRO,Croatia,FC Midtjylland,DF,28,192,0,Not in FBref,0,0,0,0.0,0,0,0,0,0,0,0,0,0,0,0,0,0.0,0.0,0.0,0.0,0.0,0.0,0.0,DF,0.0,0.0,0,0.0,0.0,0.0,0.0,0.0,0.0,65.0
353,MARTHA Arjany,CUW,Curaçao,Rotherham United FC,MF,22,180,0,Not in FBref,0,0,0,0.0,0,0,0,0,0,0,0,0,0,0,0,0,0.0,0.0,0.0,0.0,0.0,0.0,0.0,MF,0.0,0.0,0,0.0,0.0,0.0,0.0,0.0,0.0,65.0
360,FELIDA Kevin,CUW,Curaçao,FC Den Bosch,MF,26,174,0,Not in FBref,0,0,0,0.0,0,0,0,0,0,0,0,0,0,0,0,0,0.0,0.0,0.0,0.0,0.0,0.0,0.0,MF,0.0,0.0,0,0.0,0.0,0.0,0.0,0.0,0.0,65.0
363,BODAK Tyrick,CUW,Curaçao,SC Telstar,GK,24,190,0,Not in FBref,0,0,0,0.0,0,0,0,0,0,0,0,0,0,0,0,0,0.0,0.0,0.0,0.0,0.0,0.0,0.0,GK,0.0,0.0,0,0.0,0.0,0.0,0.0,0.0,0.0,65.0
364,DOORNBUSCH Trevor,CUW,Curaçao,VVV Venlo,GK,26,188,0,Not in FBref,0,0,0,0.0,0,0,0,0,0,0,0,0,0,0,0,0,0.0,0.0,0.0,0.0,0.0,0.0,0.0,GK,0.0,0.0,0,0.0,0.0,0.0,0.0,0.0,0.0,65.0
375,KUCHTA Jan,CZE,Czechia,AC Sparta Praha,FW,29,185,0,Not in FBref,0,0,0,0.0,0,0,0,0,0,0,0,0,0,0,0,0,0.0,0.0,0.0,0.0,0.0,0.0,0.0,FW,0.0,0.0,0,0.0,0.0,0.0,0.0,0.0,0.0,65.0
378,JURASEK David,CZE,Czechia,SK Slavia Praha,DF,25,183,0,Not in FBref,0,0,0,0.0,0,0,0,0,0,0,0,0,0,0,0,0,0.0,0.0,0.0,0.0,0.0,0.0,0.0,DF,0.0,0.0,0,0.0,0.0,0.0,0.0,0.0,0.0,65.0
380,STANEK Jindrich,CZE,Czechia,SK Slavia Praha,GK,30,192,0,Not in FBref,0,0,0,0.0,0,0,0,0,0,0,0,0,0,0,0,0,0.0,0.0,0.0,0.0,0.0,0.0,0.0,GK,0.0,0.0,0,0.0,0.0,0.0,0.0,0.0,0.0,65.0
387,HORNICEK Lukas,CZE,Czechia,SC Braga,GK,23,198,0,Not in FBref,0,0,0,0.0,0,0,0,0,0,0,0,0,0,0,0,0,0.0,0.0,0.0,0.0,0.0,0.0,0.0,GK,0.0,0.0,0,0.0,0.0,0.0,0.0,0.0,0.0,65.0
389,SOCHUREK Hugo,CZE,Czechia,AC Sparta Praha,MF,18,183,0,Not in FBref,0,0,0,0.0,0,0,0,0,0,0,0,0,0,0,0,0,0.0,0.0,0.0,0.0,0.0,0.0,0.0,MF,0.0,0.0,0,0.0,0.0,0.0,0.0,0.0,0.0,65.0
398,VALENCIA Anthony,ECU,Ecuador,Royal Antwerp FC,MF,22,173,0,Not in FBref,0,0,0,0.0,0,0,0,0,0,0,0,0,0,0,0,0,0.0,0.0,0.0,0.0,0.0,0.0,0.0,MF,0.0,0.0,0,0.0,0.0,0.0,0.0,0.0,0.0,65.0
402,RAMIREZ Moises,ECU,Ecuador,AE Kifisia FC,GK,25,185,0,Not in FBref,0,0,0,0.0,0,0,0,0,0,0,0,0,0,0,0,0,0.0,0.0,0.0,0.0,0.0,0.0,0.0,GK,0.0,0.0,0,0.0,0.0,0.0,0.0,0.0,0.0,65.0
408,CASTILLO Denil,ECU,Ecuador,FC Midtjylland,MF,22,189,0,Not in FBref,0,0,0,0.0,0,0,0,0,0,0,0,0,0,0,0,0,0.0,0.0,0.0,0.0,0.0,0.0,0.0,MF,0.0,0.0,0,0.0,0.0,0.0,0.0,0.0,0.0,65.0
412,VALLE Gonzalo,ECU,Ecuador,LDU Quito,GK,30,186,0,Not in FBref,0,0,0,0.0,0,0,0,0,0,0,0,0,0,0,0,0,0.0,0.0,0.0,0.0,0.0,0.0,0.0,GK,0.0,0.0,0,0.0,0.0,0.0,0.0,0.0,0.0,65.0
414,AREVALO Jeremy,ECU,Ecuador,VfB Stuttgart,FW,21,182,0,Not in FBref,0,0,0,0.0,0,0,0,0,0,0,0,0,0,0,0,0,0.0,0.0,0.0,0.0,0.0,0.0,0.0,FW,0.0,0.0,0,0.0,0.0,0.0,0.0,0.0,0.0,65.0
432,MAHDY SOLIMAN,EGY,Egypt,Zamalek SC,GK,39,189,0,Not in FBref,0,0,0,0.0,0,0,0,0,0,0,0,0,0,0,0,0,0.0,0.0,0.0,0.0,0.0,0.0,0.0,GK,0.0,0.0,0,0.0,0.0,0.0,0.0,0.0,0.0,65.0
434,NABIL DONGA,EGY,Egypt,Al Najmah SC,MF,30,179,0,Not in FBref,0,0,0,0.0,0,0,0,0,0,0,0,0,0,0,0,0,0.0,0.0,0.0,0.0,0.0,0.0,0.0,MF,0.0,0.0,0,0.0,0.0,0.0,0.0,0.0,0.0,65.0
440,TAREK ALAA,EGY,Egypt,ZED FC,DF,24,178,0,Not in FBref,0,0,0,0.0,0,0,0,0,0,0,0,0,0,0,0,0,0.0,0.0,0.0,0.0,0.0,0.0,0.0,DF,0.0,0.0,0,0.0,0.0,0.0,0.0,0.0,0.0,65.0
454,LIVRAMENTO Tino,ENG,England,Newcastle United FC,DF,23,182,0,Not in FBref,0,0,0,0.0,0,0,0,0,0,0,0,0,0,0,0,0,0.0,0.0,0.0,0.0,0.0,0.0,0.0,DF,0.0,0.0,0,0.0,0.0,0.0,0.0,0.0,0.0,65.0
458,MAINOO Kobbie,ENG,England,Manchester United FC,MF,21,183,0,Not in FBref,0,0,0,0.0,0,0,0,0,0,0,0,0,0,0,0,0,0.0,0.0,0.0,0.0,0.0,0.0,0.0,MF,0.0,0.0,0,0.0,0.0,0.0,0.0,0.0,0.0,65.0
465,TRAFFORD James,ENG,England,Manchester City FC,GK,23,197,0,Not in FBref,0,0,0,0.0,0,0,0,0,0,0,0,0,0,0,0,0,0.0,0.0,0.0,0.0,0.0,0.0,0.0,GK,0.0,0.0,0,0.0,0.0,0.0,0.0,0.0,0.0,65.0
469,SAMBA Brice,FRA,France,Stade Rennais FC,GK,32,187,0,Not in FBref,0,0,0,0.0,0,0,0,0,0,0,0,0,0,0,0,0,0.0,0.0,0.0,0.0,0.0,0.0,0.0,GK,0.0,0.0,0,0.0,0.0,0.0,0.0,0.0,0.0,65.0
481,KANTE Ngolo,FRA,France,Fenerbahçe SK,MF,35,171,0,Not in FBref,0,0,0,0.0,0,0,0,0,0,0,0,0,0,0,0,0,0.0,0.0,0.0,0.0,0.0,0.0,0.0,MF,0.0,0.0,0,0.0,0.0,0.0,0.0,0.0,0.0,65.0
489,HERNANDEZ Lucas,FRA,France,Paris Saint-Germain,DF,30,184,0,Not in FBref,0,0,0,0.0,0,0,0,0,0,0,0,0,0,0,0,0,0.0,0.0,0.0,0.0,0.0,0.0,0.0,DF,0.0,0.0,0,0.0,0.0,0.0,0.0,0.0,0.0,65.0
491,RISSER Robin,FRA,France,RC Lens,GK,21,193,0,Not in FBref,0,0,0,0.0,0,0,0,0,0,0,0,0,0,0,0,0,0.0,0.0,0.0,0.0,0.0,0.0,0.0,GK,0.0,0.0,0,0.0,0.0,0.0,0.0,0.0,0.0,65.0
506,BAUMANN Oliver,GER,Germany,TSG Hoffenheim,GK,36,187,0,Not in FBref,0,0,0,0.0,0,0,0,0,0,0,0,0,0,0,0,0,0.0,0.0,0.0,0.0,0.0,0.0,0.0,GK,0.0,0.0,0,0.0,0.0,0.0,0.0,0.0,0.0,65.0
515,NUEBEL Alexander,GER,Germany,VfB Stuttgart,GK,29,193,0,Not in FBref,0,0,0,0.0,0,0,0,0,0,0,0,0,0,0,0,0,0.0,0.0,0.0,0.0,0.0,0.0,0.0,GK,0.0,0.0,0,0.0,0.0,0.0,0.0,0.0,0.0,65.0
519,OUEDRAOGO Assan,GER,Germany,RB Leipzig,MF,20,191,0,Not in FBref,0,0,0,0.0,0,0,0,0,0,0,0,0,0,0,0,0,0.0,0.0,0.0,0.0,0.0,0.0,0.0,MF,0.0,0.0,0,0.0,0.0,0.0,0.0,0.0,0.0,65.0
532,ANANG Joseph,GHA,Ghana,St Patrick's Athletic FC,GK,26,190,0,Not in FBref,0,0,0,0.0,0,0,0,0,0,0,0,0,0,0,0,0,0.0,0.0,0.0,0.0,0.0,0.0,0.0,GK,0.0,0.0,0,0.0,0.0,0.0,0.0,0.0,0.0,65.0
533,BAAH Christopher Bonsu,GHA,Ghana,Al Qadsiah FC,FW,21,172,0,Not in FBref,0,0,0,0.0,0,0,0,0,0,0,0,0,0,0,0,0,0.0,0.0,0.0,0.0,0.0,0.0,0.0,FW,0.0,0.0,0,0.0,0.0,0.0,0.0,0.0,0.0,65.0
540,BOAKYE Augustine,GHA,Ghana,AS Saint-Etienne,MF,25,178,0,Not in FBref,0,0,0,0.0,0,0,0,0,0,0,0,0,0,0,0,0,0.0,0.0,0.0,0.0,0.0,0.0,0.0,MF,0.0,0.0,0,0.0,0.0,0.0,0.0,0.0,0.0,65.0
549,THERMONCY Keeto,HAI,Haiti,BSC Young Boys,DF,20,179,0,Not in FBref,0,0,0,0.0,0,0,0,0,0,0,0,0,0,0,0,0,0.0,0.0,0.0,0.0,0.0,0.0,0.0,DF,0.0,0.0,0,0.0,0.0,0.0,0.0,0.0,0.0,65.0
552,SAINTE Carl,HAI,Haiti,El Paso Locomotive FC,MF,23,182,0,Not in FBref,0,0,0,0.0,0,0,0,0,0,0,0,0,0,0,0,0,0.0,0.0,0.0,0.0,0.0,0.0,0.0,MF,0.0,0.0,0,0.0,0.0,0.0,0.0,0.0,0.0,65.0
558,PIERRE Alexandre,HAI,Haiti,FC Sochaux-Montbéliard,GK,25,190,0,Not in FBref,0,0,0,0.0,0,0,0,0,0,0,0,0,0,0,0,0,0.0,0.0,0.0,0.0,0.0,0.0,0.0,GK,0.0,0.0,0,0.0,0.0,0.0,0.0,0.0,0.0,65.0
559,LACROIX Markhus,HAI,Haiti,Colorado Springs Switchbacks FC,DF,32,175,0,Not in FBref,0,0,0,0.0,0,0,0,0,0,0,0,0,0,0,0,0,0.0,0.0,0.0,0.0,0.0,0.0,0.0,DF,0.0,0.0,0,0.0,0.0,0.0,0.0,0.0,0.0,65.0
560,PIERRE Leverton,HAI,Haiti,FC Vizela,MF,28,181,0,Not in FBref,0,0,0,0.0,0,0,0,0,0,0,0,0,0,0,0,0,0.0,0.0,0.0,0.0,0.0,0.0,0.0,MF,0.0,0.0,0,0.0,0.0,0.0,0.0,0.0,0.0,65.0
569,DUVERGER Josue,HAI,Haiti,FC Cosmos Koblenz,GK,26,187,0,Not in FBref,0,0,0,0.0,0,0,0,0,0,0,0,0,0,0,0,0,0.0,0.0,0.0,0.0,0.0,0.0,0.0,GK,0.0,0.0,0,0.0,0.0,0.0,0.0,0.0,0.0,65.0
570,PAUGAIN Wilguens,HAI,Haiti,SV Zulte Waregem,DF,24,180,0,Not in FBref,0,0,0,0.0,0,0,0,0,0,0,0,0,0,0,0,0,0.0,0.0,0.0,0.0,0.0,0.0,0.0,DF,0.0,0.0,0,0.0,0.0,0.0,0.0,0.0,0.0,65.0
572,PIERRE Woodensky,HAI,Haiti,Violette AC,MF,21,177,0,Not in FBref,0,0,0,0.0,0,0,0,0,0,0,0,0,0,0,0,0,0.0,0.0,0.0,0.0,0.0,0.0,0.0,MF,0.0,0.0,0,0.0,0.0,0.0,0.0,0.0,0.0,65.0
584,NIAZMAND Payam,IRN,IR Iran,Persepolis FC,GK,31,193,0,Not in FBref,0,0,0,0.0,0,0,0,0,0,0,0,0,0,0,0,0,0.0,0.0,0.0,0.0,0.0,0.0,0.0,GK,0.0,0.0,0,0.0,0.0,0.0,0.0,0.0,0.0,65.0
587,CHESHMI Roozbeh,IRN,IR Iran,Esteghlal Tehran FC,MF,32,192,0,Not in FBref,0,0,0,0.0,0,0,0,0,0,0,0,0,0,0,0,0,0.0,0.0,0.0,0.0,0.0,0.0,0.0,MF,0.0,0.0,0,0.0,0.0,0.0,0.0,0.0,0.0,65.0
596,DARGAHI Dennis,IRN,IR Iran,Standard Liège,FW,29,182,0,Not in FBref,0,0,0,0.0,0,0,0,0,0,0,0,0,0,0,0,0,0.0,0.0,0.0,0.0,0.0,0.0,0.0,FW,0.0,0.0,0,0.0,0.0,0.0,0.0,0.0,0.0,65.0
597,IRI Danial,IRN,IR Iran,Malavan Anzali FC,DF,22,182,0,Not in FBref,0,0,0,0.0,0,0,0,0,0,0,0,0,0,0,0,0,0.0,0.0,0.0,0.0,0.0,0.0,0.0,DF,0.0,0.0,0,0.0,0.0,0.0,0.0,0.0,0.0,65.0
598,RAZAGHINIA Amirmohammad,IRN,IR Iran,Esteghlal Tehran FC,MF,20,187,0,Not in FBref,0,0,0,0.0,0,0,0,0,0,0,0,0,0,0,0,0,0.0,0.0,0.0,0.0,0.0,0.0,0.0,MF,0.0,0.0,0,0.0,0.0,0.0,0.0,0.0,0.0,65.0
599,FAHAD TALIB,IRQ,Iraq,Al Talaba SC,GK,31,192,0,Not in FBref,0,0,0,0.0,0,0,0,0,0,0,0,0,0,0,0,0,0.0,0.0,0.0,0.0,0.0,0.0,0.0,GK,0.0,0.0,0,0.0,0.0,0.0,0.0,0.0,0.0,65.0
630,ENDO Wataru,JPN,Japan,Liverpool FC,MF,33,178,0,Not in FBref,0,0,0,0.0,0,0,0,0,0,0,0,0,0,0,0,0,0.0,0.0,0.0,0.0,0.0,0.0,0.0,MF,0.0,0.0,0,0.0,0.0,0.0,0.0,0.0,0.0,65.0
647,HAYAKAWA Tomoki,JPN,Japan,Kashima Antlers,GK,27,187,0,Not in FBref,0,0,0,0.0,0,0,0,0,0,0,0,0,0,0,0,0,0.0,0.0,0.0,0.0,0.0,0.0,0.0,GK,0.0,0.0,0,0.0,0.0,0.0,0.0,0.0,0.0,65.0
657,MOHAMMAD ABUZRAIQ,JOR,Jordan,Raja Casablanca,FW,28,170,0,Not in FBref,0,0,0,0.0,0,0,0,0,0,0,0,0,0,0,0,0,0.0,0.0,0.0,0.0,0.0,0.0,0.0,FW,0.0,0.0,0,0.0,0.0,0.0,0.0,0.0,0.0,65.0
662,NOUR BANIATEYAH,JOR,Jordan,Al Faisaly SC,GK,33,179,0,Not in FBref,0,0,0,0.0,0,0,0,0,0,0,0,0,0,0,0,0,0.0,0.0,0.0,0.0,0.0,0.0,0.0,GK,0.0,0.0,0,0.0,0.0,0.0,0.0,0.0,0.0,65.0
664,RAJAEI AYED,JOR,Jordan,Al Hussein SC,MF,32,175,0,Not in FBref,0,0,0,0.0,0,0,0,0,0,0,0,0,0,0,0,0,0.0,0.0,0.0,0.0,0.0,0.0,0.0,MF,0.0,0.0,0,0.0,0.0,0.0,0.0,0.0,0.0,65.0
665,IBRAHIM SADEH,JOR,Jordan,Al Karma SC,MF,26,175,0,Not in FBref,0,0,0,0.0,0,0,0,0,0,0,0,0,0,0,0,0,0.0,0.0,0.0,0.0,0.0,0.0,0.0,MF,0.0,0.0,0,0.0,0.0,0.0,0.0,0.0,0.0,65.0
672,ABDALLAH ALFAKHORI,JOR,Jordan,Al Wahdat SC,GK,26,190,0,Not in FBref,0,0,0,0.0,0,0,0,0,0,0,0,0,0,0,0,0,0.0,0.0,0.0,0.0,0.0,0.0,0.0,GK,0.0,0.0,0,0.0,0.0,0.0,0.0,0.0,0.0,65.0
676,ANAS BADAWI,JOR,Jordan,Al Faisaly SC,DF,28,174,0,Not in FBref,0,0,0,0.0,0,0,0,0,0,0,0,0,0,0,0,0,0.0,0.0,0.0,0.0,0.0,0.0,0.0,DF,0.0,0.0,0,0.0,0.0,0.0,0.0,0.0,0.0,65.0
681,KIM Taehyeon,KOR,Korea Republic,Kashima Antlers,DF,25,186,0,Not in FBref,0,0,0,0.0,0,0,0,0,0,0,0,0,0,0,0,0,0.0,0.0,0.0,0.0,0.0,0.0,0.0,DF,0.0,0.0,0,0.0,0.0,0.0,0.0,0.0,0.0,65.0
688,SONG Bumkeun,KOR,Korea Republic,Jeonbuk Hyundai Motors FC,GK,28,196,0,Not in FBref,0,0,0,0.0,0,0,0,0,0,0,0,0,0,0,0,0,0.0,0.0,0.0,0.0,0.0,0.0,0.0,GK,0.0,0.0,0,0.0,0.0,0.0,0.0,0.0,0.0,65.0
693,BAE Junho,KOR,Korea Republic,Stoke City FC,MF,22,180,0,Not in FBref,0,0,0,0.0,0,0,0,0,0,0,0,0,0,0,0,0,0.0,0.0,0.0,0.0,0.0,0.0,0.0,MF,0.0,0.0,0,0.0,0.0,0.0,0.0,0.0,0.0,65.0
697,JO Hyeonwoo,KOR,Korea Republic,Ulsan HD,GK,34,189,0,Not in FBref,0,0,0,0.0,0,0,0,0,0,0,0,0,0,0,0,0,0.0,0.0,0.0,0.0,0.0,0.0,0.0,GK,0.0,0.0,0,0.0,0.0,0.0,0.0,0.0,0.0,65.0
702,LEE Donggyeong,KOR,Korea Republic,Ulsan HD,MF,28,175,0,Not in FBref,0,0,0,0.0,0,0,0,0,0,0,0,0,0,0,0,0,0.0,0.0,0.0,0.0,0.0,0.0,0.0,MF,0.0,0.0,0,0.0,0.0,0.0,0.0,0.0,0.0,65.0
714,ACEVEDO Carlos,MEX,Mexico,Club Santos Laguna,GK,30,185,0,Not in FBref,0,0,0,0.0,0,0,0,0,0,0,0,0,0,0,0,0,0.0,0.0,0.0,0.0,0.0,0.0,0.0,GK,0.0,0.0,0,0.0,0.0,0.0,0.0,0.0,0.0,65.0
733,AGUERD Nayef,MAR,Morocco,Olympique Marseille,DF,30,190,0,Not in FBref,0,0,0,0.0,0,0,0,0,0,0,0,0,0,0,0,0,0.0,0.0,0.0,0.0,0.0,0.0,0.0,DF,0.0,0.0,0,0.0,0.0,0.0,0.0,0.0,0.0,65.0
740,EL KAJOUI Munir,MAR,Morocco,RS Berkane,GK,37,190,0,Not in FBref,0,0,0,0.0,0,0,0,0,0,0,0,0,0,0,0,0,0.0,0.0,0.0,0.0,0.0,0.0,0.0,GK,0.0,0.0,0,0.0,0.0,0.0,0.0,0.0,0.0,65.0
745,EZZALZOULI Abde,MAR,Morocco,Real Betis,FW,24,177,0,Not in FBref,0,0,0,0.0,0,0,0,0,0,0,0,0,0,0,0,0,0.0,0.0,0.0,0.0,0.0,0.0,0.0,FW,0.0,0.0,0,0.0,0.0,0.0,0.0,0.0,0.0,65.0
747,BELAMMARI Youssef,MAR,Morocco,Al Ahly FC,DF,27,175,0,Not in FBref,0,0,0,0.0,0,0,0,0,0,0,0,0,0,0,0,0,0.0,0.0,0.0,0.0,0.0,0.0,0.0,DF,0.0,0.0,0,0.0,0.0,0.0,0.0,0.0,0.0,65.0
750,TAGNAOUTI Ahmed Reda,MAR,Morocco,ASFAR,GK,30,194,0,Not in FBref,0,0,0,0.0,0,0,0,0,0,0,0,0,0,0,0,0,0.0,0.0,0.0,0.0,0.0,0.0,0.0,GK,0.0,0.0,0,0.0,0.0,0.0,0.0,0.0,0.0,65.0
756,GEERTRUIDA Lutsharel,NED,Netherlands,Sunderland AFC,DF,25,185,0,Not in FBref,0,0,0,0.0,0,0,0,0,0,0,0,0,0,0,0,0,0.0,0.0,0.0,0.0,0.0,0.0,0.0,DF,0.0,0.0,0,0.0,0.0,0.0,0.0,0.0,0.0,65.0
766,WIEFFER Mats,NED,Netherlands,Brighton & Hove Albion FC,DF,26,189,0,Not in FBref,0,0,0,0.0,0,0,0,0,0,0,0,0,0,0,0,0,0.0,0.0,0.0,0.0,0.0,0.0,0.0,DF,0.0,0.0,0,0.0,0.0,0.0,0.0,0.0,0.0,65.0
767,ROEFS Robin,NED,Netherlands,Sunderland AFC,GK,23,193,0,Not in FBref,0,0,0,0.0,0,0,0,0,0,0,0,0,0,0,0,0,0.0,0.0,0.0,0.0,0.0,0.0,0.0,GK,0.0,0.0,0,0.0,0.0,0.0,0.0,0.0,0.0,65.0
777,FLEKKEN Mark,NED,Netherlands,Bayer 04 Leverkusen,GK,32,195,0,Not in FBref,0,0,0,0.0,0,0,0,0,0,0,0,0,0,0,0,0,0.0,0.0,0.0,0.0,0.0,0.0,0.0,GK,0.0,0.0,0,0.0,0.0,0.0,0.0,0.0,0.0,65.0
787,GARBETT Matthew,NZL,New Zealand,Peterborough United FC,MF,24,192,0,Not in FBref,0,0,0,0.0,0,0,0,0,0,0,0,0,0,0,0,0,0.0,0.0,0.0,0.0,0.0,0.0,0.0,MF,0.0,0.0,0,0.0,0.0,0.0,0.0,0.0,0.0,65.0
792,PAULSEN Alex,NZL,New Zealand,Lechia Gdańsk,GK,23,193,0,Not in FBref,0,0,0,0.0,0,0,0,0,0,0,0,0,0,0,0,0,0.0,0.0,0.0,0.0,0.0,0.0,0.0,GK,0.0,0.0,0,0.0,0.0,0.0,0.0,0.0,0.0,65.0
794,RUFER Alex,NZL,New Zealand,Wellington Phoenix FC,MF,29,180,0,Not in FBref,0,0,0,0.0,0,0,0,0,0,0,0,0,0,0,0,0,0.0,0.0,0.0,0.0,0.0,0.0,0.0,MF,0.0,0.0,0,0.0,0.0,0.0,0.0,0.0,0.0,65.0
795,PIJNAKER Nando,NZL,New Zealand,Auckland FC,DF,27,185,0,Not in FBref,0,0,0,0.0,0,0,0,0,0,0,0,0,0,0,0,0,0.0,0.0,0.0,0.0,0.0,0.0,0.0,DF,0.0,0.0,0,0.0,0.0,0.0,0.0,0.0,0.0,65.0
797,BARBAROUSES Kosta,NZL,New Zealand,WS Wanderers FC,FW,36,171,0,Not in FBref,0,0,0,0.0,0,0,0,0,0,0,0,0,0,0,0,0,0.0,0.0,0.0,0.0,0.0,0.0,0.0,FW,0.0,0.0,0,0.0,0.0,0.0,0.0,0.0,0.0,65.0
798,WAINE Ben,NZL,New Zealand,Port Vale FC,FW,25,185,0,Not in FBref,0,0,0,0.0,0,0,0,0,0,0,0,0,0,0,0,0,0.0,0.0,0.0,0.0,0.0,0.0,0.0,FW,0.0,0.0,0,0.0,0.0,0.0,0.0,0.0,0.0,65.0
802,WOUD Michael,NZL,New Zealand,Auckland FC,GK,27,196,0,Not in FBref,0,0,0,0.0,0,0,0,0,0,0,0,0,0,0,0,0,0.0,0.0,0.0,0.0,0.0,0.0,0.0,GK,0.0,0.0,0,0.0,0.0,0.0,0.0,0.0,0.0,65.0
805,BAYLISS Lachlan,NZL,New Zealand,Newcastle United Jets FC,MF,23,178,0,Not in FBref,0,0,0,0.0,0,0,0,0,0,0,0,0,0,0,0,0,0.0,0.0,0.0,0.0,0.0,0.0,0.0,MF,0.0,0.0,0,0.0,0.0,0.0,0.0,0.0,0.0,65.0
806,SMITH Tommy,NZL,New Zealand,Braintree Town FC,DF,36,188,0,Not in FBref,0,0,0,0.0,0,0,0,0,0,0,0,0,0,0,0,0,0.0,0.0,0.0,0.0,0.0,0.0,0.0,DF,0.0,0.0,0,0.0,0.0,0.0,0.0,0.0,0.0,65.0
818,TANGVIK Sander,NOR,Norway,Hamburger SV,GK,23,193,0,Not in FBref,0,0,0,0.0,0,0,0,0,0,0,0,0,0,0,0,0,0.0,0.0,0.0,0.0,0.0,0.0,0.0,GK,0.0,0.0,0,0.0,0.0,0.0,0.0,0.0,0.0,65.0
837,FARINA Edgardo,PAN,Panama,FC Pari Nizhny Novgorod,DF,24,195,0,Not in FBref,0,0,0,0.0,0,0,0,0,0,0,0,0,0,0,0,0,0.0,0.0,0.0,0.0,0.0,0.0,0.0,DF,0.0,0.0,0,0.0,0.0,0.0,0.0,0.0,0.0,65.0
840,CARRASQUILLA Adalberto,PAN,Panama,Pumas UNAM,MF,27,171,0,Not in FBref,0,0,0,0.0,0,0,0,0,0,0,0,0,0,0,0,0,0.0,0.0,0.0,0.0,0.0,0.0,0.0,MF,0.0,0.0,0,0.0,0.0,0.0,0.0,0.0,0.0,65.0
844,SAMUDIO Cesar,PAN,Panama,CD Marathón,GK,32,189,0,Not in FBref,0,0,0,0.0,0,0,0,0,0,0,0,0,0,0,0,0,0.0,0.0,0.0,0.0,0.0,0.0,0.0,GK,0.0,0.0,0,0.0,0.0,0.0,0.0,0.0,0.0,65.0
853,YANIS Cesar,PAN,Panama,CD Cobresal,MF,30,160,0,Not in FBref,0,0,0,0.0,0,0,0,0,0,0,0,0,0,0,0,0,0.0,0.0,0.0,0.0,0.0,0.0,0.0,MF,0.0,0.0,0,0.0,0.0,0.0,0.0,0.0,0.0,65.0
857,MILLER Roderick,PAN,Panama,Turan Tovuz,DF,34,190,0,Not in FBref,0,0,0,0.0,0,0,0,0,0,0,0,0,0,0,0,0,0.0,0.0,0.0,0.0,0.0,0.0,0.0,DF,0.0,0.0,0,0.0,0.0,0.0,0.0,0.0,0.0,65.0
859,FERNANDEZ Gatito,PAR,Paraguay,Cerro Porteño,GK,38,191,0,Not in FBref,0,0,0,0.0,0,0,0,0,0,0,0,0,0,0,0,0,0.0,0.0,0.0,0.0,0.0,0.0,0.0,GK,0.0,0.0,0,0.0,0.0,0.0,0.0,0.0,0.0,65.0
875,ROMERO GAMARRA Alejandro,PAR,Paraguay,Al Ain FC,FW,31,165,0,Not in FBref,0,0,0,0.0,0,0,0,0,0,0,0,0,0,0,0,0,0.0,0.0,0.0,0.0,0.0,0.0,0.0,FW,0.0,0.0,0,0.0,0.0,0.0,0.0,0.0,0.0,65.0
880,OLVEIRA Gaston,PAR,Paraguay,Club Olimpia,GK,33,191,0,Not in FBref,0,0,0,0.0,0,0,0,0,0,0,0,0,0,0,0,0,0.0,0.0,0.0,0.0,0.0,0.0,0.0,GK,0.0,0.0,0,0.0,0.0,0.0,0.0,0.0,0.0,65.0
896,JOSE SA,POR,Portugal,Wolverhampton Wanderers FC,GK,33,192,0,Not in FBref,0,0,0,0.0,0,0,0,0,0,0,0,0,0,0,0,0,0.0,0.0,0.0,0.0,0.0,0.0,0.0,GK,0.0,0.0,0,0.0,0.0,0.0,0.0,0.0,0.0,65.0
898,GONCALO INACIO,POR,Portugal,Sporting CP,DF,24,185,0,Not in FBref,0,0,0,0.0,0,0,0,0,0,0,0,0,0,0,0,0,0.0,0.0,0.0,0.0,0.0,0.0,0.0,DF,0.0,0.0,0,0.0,0.0,0.0,0.0,0.0,0.0,65.0
903,GONCALO GUEDES,POR,Portugal,Real Sociedad,FW,29,179,0,Not in FBref,0,0,0,0.0,0,0,0,0,0,0,0,0,0,0,0,0,0.0,0.0,0.0,0.0,0.0,0.0,0.0,FW,0.0,0.0,0,0.0,0.0,0.0,0.0,0.0,0.0,65.0
912,PEDRO MIGUEL,QAT,Qatar,Al Sadd SC,DF,35,180,0,Not in FBref,0,0,0,0.0,0,0,0,0,0,0,0,0,0,0,0,0,0.0,0.0,0.0,0.0,0.0,0.0,0.0,DF,0.0,0.0,0,0.0,0.0,0.0,0.0,0.0,0.0,65.0
931,SALAH ZAKARIA,QAT,Qatar,Al Duhail SC,GK,27,186,0,Not in FBref,0,0,0,0.0,0,0,0,0,0,0,0,0,0,0,0,0,0.0,0.0,0.0,0.0,0.0,0.0,0.0,GK,0.0,0.0,0,0.0,0.0,0.0,0.0,0.0,0.0,65.0
932,MESHAAL BARSHAM,QAT,Qatar,Al Sadd SC,GK,28,180,0,Not in FBref,0,0,0,0.0,0,0,0,0,0,0,0,0,0,0,0,0,0.0,0.0,0.0,0.0,0.0,0.0,0.0,GK,0.0,0.0,0,0.0,0.0,0.0,0.0,0.0,0.0,65.0
934,TAHSIN MOHAMMED,QAT,Qatar,Al Duhail SC,FW,19,166,0,Not in FBref,0,0,0,0.0,0,0,0,0,0,0,0,0,0,0,0,0,0.0,0.0,0.0,0.0,0.0,0.0,0.0,FW,0.0,0.0,0,0.0,0.0,0.0,0.0,0.0,0.0,65.0
937,NAWAF ALAQIDI,KSA,Saudi Arabia,Al Nassr FC,GK,26,186,0,Not in FBref,0,0,0,0.0,0,0,0,0,0,0,0,0,0,0,0,0,0.0,0.0,0.0,0.0,0.0,0.0,0.0,GK,0.0,0.0,0,0.0,0.0,0.0,0.0,0.0,0.0,65.0
938,ALI MAJRASHI,KSA,Saudi Arabia,Al Ahli FC,DF,26,169,0,Not in FBref,0,0,0,0.0,0,0,0,0,0,0,0,0,0,0,0,0,0.0,0.0,0.0,0.0,0.0,0.0,0.0,DF,0.0,0.0,0,0.0,0.0,0.0,0.0,0.0,0.0,65.0
944,AIMAN YAHYA,KSA,Saudi Arabia,Al Nassr FC,FW,25,173,0,Not in FBref,0,0,0,0.0,0,0,0,0,0,0,0,0,0,0,0,0,0.0,0.0,0.0,0.0,0.0,0.0,0.0,FW,0.0,0.0,0,0.0,0.0,0.0,0.0,0.0,0.0,65.0
947,SALEH ALSHEHRI,KSA,Saudi Arabia,Al Ittihad,FW,32,184,0,Not in FBref,0,0,0,0.0,0,0,0,0,0,0,0,0,0,0,0,0,0.0,0.0,0.0,0.0,0.0,0.0,0.0,FW,0.0,0.0,0,0.0,0.0,0.0,0.0,0.0,0.0,65.0
950,HASSAN KADISH,KSA,Saudi Arabia,Al Ittihad,DF,33,179,0,Not in FBref,0,0,0,0.0,0,0,0,0,0,0,0,0,0,0,0,0,0.0,0.0,0.0,0.0,0.0,0.0,0.0,DF,0.0,0.0,0,0.0,0.0,0.0,0.0,0.0,0.0,65.0
952,ZIYAD ALJOHANI,KSA,Saudi Arabia,Al Ahli FC,MF,24,180,0,Not in FBref,0,0,0,0.0,0,0,0,0,0,0,0,0,0,0,0,0,0.0,0.0,0.0,0.0,0.0,0.0,0.0,MF,0.0,0.0,0,0.0,0.0,0.0,0.0,0.0,0.0,65.0
958,AHMED ALKASSAR,KSA,Saudi Arabia,Al Qadsiah FC,GK,35,178,0,Not in FBref,0,0,0,0.0,0,0,0,0,0,0,0,0,0,0,0,0,0.0,0.0,0.0,0.0,0.0,0.0,0.0,GK,0.0,0.0,0,0.0,0.0,0.0,0.0,0.0,0.0,65.0
961,JEHAD THIKRI,KSA,Saudi Arabia,Al Qadsiah FC,DF,24,184,0,Not in FBref,0,0,0,0.0,0,0,0,0,0,0,0,0,0,0,0,0,0.0,0.0,0.0,0.0,0.0,0.0,0.0,DF,0.0,0.0,0,0.0,0.0,0.0,0.0,0.0,0.0,65.0
970,FLETCHER Tyler,SCO,Scotland,Manchester United FC,MF,19,183,0,Not in FBref,0,0,0,0.0,0,0,0,0,0,0,0,0,0,0,0,0,0.0,0.0,0.0,0.0,0.0,0.0,0.0,MF,0.0,0.0,0,0.0,0.0,0.0,0.0,0.0,0.0,65.0
974,KELLY Liam,SCO,Scotland,Rangers FC,GK,30,184,0,Not in FBref,0,0,0,0.0,0,0,0,0,0,0,0,0,0,0,0,0,0.0,0.0,0.0,0.0,0.0,0.0,0.0,GK,0.0,0.0,0,0.0,0.0,0.0,0.0,0.0,0.0,65.0
977,SOUTTAR John,SCO,Scotland,Rangers FC,DF,29,186,0,Not in FBref,0,0,0,0.0,0,0,0,0,0,0,0,0,0,0,0,0,0.0,0.0,0.0,0.0,0.0,0.0,0.0,DF,0.0,0.0,0,0.0,0.0,0.0,0.0,0.0,0.0,65.0
978,HYAM Dominic,SCO,Scotland,Wrexham AFC,DF,30,188,0,Not in FBref,0,0,0,0.0,0,0,0,0,0,0,0,0,0,0,0,0,0.0,0.0,0.0,0.0,0.0,0.0,0.0,DF,0.0,0.0,0,0.0,0.0,0.0,0.0,0.0,0.0,65.0
980,HIRST George,SCO,Scotland,Ipswich Town FC,FW,27,191,0,Not in FBref,0,0,0,0.0,0,0,0,0,0,0,0,0,0,0,0,0,0.0,0.0,0.0,0.0,0.0,0.0,0.0,FW,0.0,0.0,0,0.0,0.0,0.0,0.0,0.0,0.0,65.0
983,GORDON Craig,SCO,Scotland,Heart Of Midlothian FC,GK,43,193,0,Not in FBref,0,0,0,0.0,0,0,0,0,0,0,0,0,0,0,0,0,0.0,0.0,0.0,0.0,0.0,0.0,0.0,GK,0.0,0.0,0,0.0,0.0,0.0,0.0,0.0,0.0,65.0
990,SARR Mamadou,SEN,Senegal,Chelsea FC,DF,20,194,0,Not in FBref,0,0,0,0.0,0,0,0,0,0,0,0,0,0,0,0,0,0.0,0.0,0.0,0.0,0.0,0.0,0.0,DF,0.0,0.0,0,0.0,0.0,0.0,0.0,0.0,0.0,65.0
1000,NDIAYE Cherif,SEN,Senegal,Samsunspor,FW,30,190,0,Not in FBref,0,0,0,0.0,0,0,0,0,0,0,0,0,0,0,0,0,0.0,0.0,0.0,0.0,0.0,0.0,0.0,FW,0.0,0.0,0,0.0,0.0,0.0,0.0,0.0,0.0,65.0
1012,MENDY Antoine,SEN,Senegal,OGC Nice,DF,22,187,0,Not in FBref,0,0,0,0.0,0,0,0,0,0,0,0,0,0,0,0,0,0.0,0.0,0.0,0.0,0.0,0.0,0.0,DF,0.0,0.0,0,0.0,0.0,0.0,0.0,0.0,0.0,65.0
1016,MATULUDI Thabang,RSA,South Africa,Polokwane City FC,DF,27,189,0,Not in FBref,0,0,0,0.0,0,0,0,0,0,0,0,0,0,0,0,0,0.0,0.0,0.0,0.0,0.0,0.0,0.0,DF,0.0,0.0,0,0.0,0.0,0.0,0.0,0.0,0.0,65.0
1017,NDAMANE Khulumani,RSA,South Africa,Mamelodi Sundowns FC,DF,22,183,0,Not in FBref,0,0,0,0.0,0,0,0,0,0,0,0,0,0,0,0,0,0.0,0.0,0.0,0.0,0.0,0.0,0.0,DF,0.0,0.0,0,0.0,0.0,0.0,0.0,0.0,0.0,65.0
1030,CHAINE Sipho,RSA,South Africa,Orlando Pirates FC,GK,29,186,0,Not in FBref,0,0,0,0.0,0,0,0,0,0,0,0,0,0,0,0,0,0.0,0.0,0.0,0.0,0.0,0.0,0.0,GK,0.0,0.0,0,0.0,0.0,0.0,0.0,0.0,0.0,65.0
1032,KABINI Samukele,RSA,South Africa,Molde FK,DF,22,179,0,Not in FBref,0,0,0,0.0,0,0,0,0,0,0,0,0,0,0,0,0,0.0,0.0,0.0,0.0,0.0,0.0,0.0,DF,0.0,0.0,0,0.0,0.0,0.0,0.0,0.0,0.0,65.0
1036,GOSS Ricardo,RSA,South Africa,Siwelele FC,GK,32,181,0,Not in FBref,0,0,0,0.0,0,0,0,0,0,0,0,0,0,0,0,0,0.0,0.0,0.0,0.0,0.0,0.0,0.0,GK,0.0,0.0,0,0.0,0.0,0.0,0.0,0.0,0.0,65.0
1038,MAKHANYA Olwethu,RSA,South Africa,Philadelphia Union,DF,22,185,0,Not in FBref,0,0,0,0.0,0,0,0,0,0,0,0,0,0,0,0,0,0.0,0.0,0.0,0.0,0.0,0.0,0.0,DF,0.0,0.0,0,0.0,0.0,0.0,0.0,0.0,0.0,65.0
1040,CROSS Bradley,RSA,South Africa,Kaizer Chiefs FC,DF,25,175,0,Not in FBref,0,0,0,0.0,0,0,0,0,0,0,0,0,0,0,0,0,0.0,0.0,0.0,0.0,0.0,0.0,0.0,DF,0.0,0.0,0,0.0,0.0,0.0,0.0,0.0,0.0,65.0
1041,RAYA David,ESP,Spain,Arsenal FC,GK,30,186,0,Not in FBref,0,0,0,0.0,0,0,0,0,0,0,0,0,0,0,0,0,0.0,0.0,0.0,0.0,0.0,0.0,0.0,GK,0.0,0.0,0,0.0,0.0,0.0,0.0,0.0,0.0,65.0
1043,GRIMALDO Alex,ESP,Spain,Bayer 04 Leverkusen,DF,30,171,0,Not in FBref,0,0,0,0.0,0,0,0,0,0,0,0,0,0,0,0,0,0.0,0.0,0.0,0.0,0.0,0.0,0.0,DF,0.0,0.0,0,0.0,0.0,0.0,0.0,0.0,0.0,65.0
1053,GARCIA Joan,ESP,Spain,FC Barcelona,GK,25,194,0,Not in FBref,0,0,0,0.0,0,0,0,0,0,0,0,0,0,0,0,0,0.0,0.0,0.0,0.0,0.0,0.0,0.0,GK,0.0,0.0,0,0.0,0.0,0.0,0.0,0.0,0.0,65.0
1065,MUNOZ Victor,ESP,Spain,CA Osasuna,FW,22,173,0,Not in FBref,0,0,0,0.0,0,0,0,0,0,0,0,0,0,0,0,0,0.0,0.0,0.0,0.0,0.0,0.0,0.0,FW,0.0,0.0,0,0.0,0.0,0.0,0.0,0.0,0.0,65.0
1072,JOHANSSON Herman,SWE,Sweden,FC Dallas,DF,28,190,0,Not in FBref,0,0,0,0.0,0,0,0,0,0,0,0,0,0,0,0,0,0.0,0.0,0.0,0.0,0.0,0.0,0.0,DF,0.0,0.0,0,0.0,0.0,0.0,0.0,0.0,0.0,65.0
1078,JOHANSSON Viktor,SWE,Sweden,Stoke City FC,GK,27,187,0,Not in FBref,0,0,0,0.0,0,0,0,0,0,0,0,0,0,0,0,0,0.0,0.0,0.0,0.0,0.0,0.0,0.0,GK,0.0,0.0,0,0.0,0.0,0.0,0.0,0.0,0.0,65.0
1080,EKDAL Hjalmar,SWE,Sweden,Burnley FC,DF,27,187,0,Not in FBref,0,0,0,0.0,0,0,0,0,0,0,0,0,0,0,0,0,0.0,0.0,0.0,0.0,0.0,0.0,0.0,DF,0.0,0.0,0,0.0,0.0,0.0,0.0,0.0,0.0,65.0
1086,SMITH Eric,SWE,Sweden,FC St. Pauli,DF,29,192,0,Not in FBref,0,0,0,0.0,0,0,0,0,0,0,0,0,0,0,0,0,0.0,0.0,0.0,0.0,0.0,0.0,0.0,DF,0.0,0.0,0,0.0,0.0,0.0,0.0,0.0,0.0,65.0
1104,MVOGO Yvon,SUI,Switzerland,FC Lorient,GK,32,190,0,Not in FBref,0,0,0,0.0,0,0,0,0,0,0,0,0,0,0,0,0,0.0,0.0,0.0,0.0,0.0,0.0,0.0,GK,0.0,0.0,0,0.0,0.0,0.0,0.0,0.0,0.0,65.0
1113,KELLER Marvin,SUI,Switzerland,BSC Young Boys,GK,23,189,0,Not in FBref,0,0,0,0.0,0,0,0,0,0,0,0,0,0,0,0,0,0.0,0.0,0.0,0.0,0.0,0.0,0.0,GK,0.0,0.0,0,0.0,0.0,0.0,0.0,0.0,0.0,65.0
1116,AMENDA Aurele,SUI,Switzerland,Eintracht Frankfurt,DF,22,194,0,Not in FBref,0,0,0,0.0,0,0,0,0,0,0,0,0,0,0,0,0,0.0,0.0,0.0,0.0,0.0,0.0,0.0,DF,0.0,0.0,0,0.0,0.0,0.0,0.0,0.0,0.0,65.0
1123,AROUS Adam,TUN,Tunisia,Kasımpaşa SK,DF,21,188,0,Not in FBref,0,0,0,0.0,0,0,0,0,0,0,0,0,0,0,0,0,0.0,0.0,0.0,0.0,0.0,0.0,0.0,DF,0.0,0.0,0,0.0,0.0,0.0,0.0,0.0,0.0,65.0
1132,AYARI Khalil,TUN,Tunisia,Paris Saint-Germain,MF,21,174,0,Not in FBref,0,0,0,0.0,0,0,0,0,0,0,0,0,0,0,0,0,0.0,0.0,0.0,0.0,0.0,0.0,0.0,MF,0.0,0.0,0,0.0,0.0,0.0,0.0,0.0,0.0,65.0
1136,ELLOUMI Rayan,TUN,Tunisia,Vancouver Whitecaps FC,FW,18,180,0,Not in FBref,0,0,0,0.0,0,0,0,0,0,0,0,0,0,0,0,0,0.0,0.0,0.0,0.0,0.0,0.0,0.0,FW,0.0,0.0,0,0.0,0.0,0.0,0.0,0.0,0.0,65.0
1141,NEFFATI Moutaz,TUN,Tunisia,IFK Norrköping FK,DF,21,182,0,Not in FBref,0,0,0,0.0,0,0,0,0,0,0,0,0,0,0,0,0,0.0,0.0,0.0,0.0,0.0,0.0,0.0,DF,0.0,0.0,0,0.0,0.0,0.0,0.0,0.0,0.0,65.0
1142,CHIKHAOUI Raed,TUN,Tunisia,US Monastir,DF,22,191,0,Not in FBref,0,0,0,0.0,0,0,0,0,0,0,0,0,0,0,0,0,0.0,0.0,0.0,0.0,0.0,0.0,0.0,DF,0.0,0.0,0,0.0,0.0,0.0,0.0,0.0,0.0,65.0
1145,GUNOK Mert,TUR,Türkiye,Fenerbahçe SK,GK,37,196,0,Not in FBref,0,0,0,0.0,0,0,0,0,0,0,0,0,0,0,0,0,0.0,0.0,0.0,0.0,0.0,0.0,0.0,GK,0.0,0.0,0,0.0,0.0,0.0,0.0,0.0,0.0,65.0
1156,BAYINDIR Altay,TUR,Türkiye,Manchester United FC,GK,28,198,0,Not in FBref,0,0,0,0.0,0,0,0,0,0,0,0,0,0,0,0,0,0.0,0.0,0.0,0.0,0.0,0.0,0.0,GK,0.0,0.0,0,0.0,0.0,0.0,0.0,0.0,0.0,65.0
1169,AKAYDIN Samet,TUR,Türkiye,Çaykur Rizespor,DF,32,190,0,Not in FBref,0,0,0,0.0,0,0,0,0,0,0,0,0,0,0,0,0,0.0,0.0,0.0,0.0,0.0,0.0,0.0,DF,0.0,0.0,0,0.0,0.0,0.0,0.0,0.0,0.0,65.0
1172,GIMENEZ Jose Maria,URU,Uruguay,Atlético De Madrid,DF,31,186,0,Not in FBref,0,0,0,0.0,0,0,0,0,0,0,0,0,0,0,0,0,0.0,0.0,0.0,0.0,0.0,0.0,0.0,DF,0.0,0.0,0,0.0,0.0,0.0,0.0,0.0,0.0,65.0
1174,ARAUJO Ronald,URU,Uruguay,FC Barcelona,DF,27,185,0,Not in FBref,0,0,0,0.0,0,0,0,0,0,0,0,0,0,0,0,0,0.0,0.0,0.0,0.0,0.0,0.0,0.0,DF,0.0,0.0,0,0.0,0.0,0.0,0.0,0.0,0.0,65.0
1180,DE ARRASCAETA Giorgian,URU,Uruguay,CR Flamengo,MF,32,177,0,Not in FBref,0,0,0,0.0,0,0,0,0,0,0,0,0,0,0,0,0,0.0,0.0,0.0,0.0,0.0,0.0,0.0,MF,0.0,0.0,0,0.0,0.0,0.0,0.0,0.0,0.0,65.0
1181,PELLISTRI Facundo,URU,Uruguay,Panathinaikos FC,FW,24,174,0,Not in FBref,0,0,0,0.0,0,0,0,0,0,0,0,0,0,0,0,0,0.0,0.0,0.0,0.0,0.0,0.0,0.0,FW,0.0,0.0,0,0.0,0.0,0.0,0.0,0.0,0.0,65.0
1182,MELE Santiago,URU,Uruguay,CF Monterrey,GK,28,185,0,Not in FBref,0,0,0,0.0,0,0,0,0,0,0,0,0,0,0,0,0,0.0,0.0,0.0,0.0,0.0,0.0,0.0,GK,0.0,0.0,0,0.0,0.0,0.0,0.0,0.0,0.0,65.0
1185,MARTINEZ Emiliano,URU,Uruguay,SE Palmeiras,MF,26,184,0,Not in FBref,0,0,0,0.0,0,0,0,0,0,0,0,0,0,0,0,0,0.0,0.0,0.0,0.0,0.0,0.0,0.0,MF,0.0,0.0,0,0.0,0.0,0.0,0.0,0.0,0.0,65.0
1192,PIQUEREZ Joaquin,URU,Uruguay,SE Palmeiras,MF,27,185,0,Not in FBref,0,0,0,0.0,0,0,0,0,0,0,0,0,0,0,0,0,0.0,0.0,0.0,0.0,0.0,0.0,0.0,MF,0.0,0.0,0,0.0,0.0,0.0,0.0,0.0,0.0,65.0
1194,BUENO Santiago,URU,Uruguay,Wolverhampton Wanderers FC,DF,27,191,0,Not in FBref,0,0,0,0.0,0,0,0,0,0,0,0,0,0,0,0,0,0.0,0.0,0.0,0.0,0.0,0.0,0.0,DF,0.0,0.0,0,0.0,0.0,0.0,0.0,0.0,0.0,65.0
1196,ZALAZAR Rodrigo,URU,Uruguay,SC Braga,MF,26,175,0,Not in FBref,0,0,0,0.0,0,0,0,0,0,0,0,0,0,0,0,0,0.0,0.0,0.0,0.0,0.0,0.0,0.0,MF,0.0,0.0,0,0.0,0.0,0.0,0.0,0.0,0.0,65.0
1211,ROLDAN Cristian,USA,USA,Seattle Sounders FC,MF,31,173,0,Not in FBref,0,0,0,0.0,0,0,0,0,0,0,0,0,0,0,0,0,0.0,0.0,0.0,0.0,0.0,0.0,0.0,MF,0.0,0.0,0,0.0,0.0,0.0,0.0,0.0,0.0,65.0
1221,BRADY Chris,USA,USA,Chicago Fire FC,GK,22,193,0,Not in FBref,0,0,0,0.0,0,0,0,0,0,0,0,0,0,0,0,0,0.0,0.0,0.0,0.0,0.0,0.0,0.0,GK,0.0,0.0,0,0.0,0.0,0.0,0.0,0.0,0.0,65.0
1232,MASHARIPOV Jaloliddin,UZB,Uzbekistan,Esteghlal Tehran FC,MF,32,174,0,Not in FBref,0,0,0,0.0,0,0,0,0,0,0,0,0,0,0,0,0,0.0,0.0,0.0,0.0,0.0,0.0,0.0,MF,0.0,0.0,0,0.0,0.0,0.0,0.0,0.0,0.0,65.0
1237,ESHMURODOV Umar,UZB,Uzbekistan,Nasaf Qarshi FC,DF,33,185,0,Not in FBref,0,0,0,0.0,0,0,0,0,0,0,0,0,0,0,0,0,0.0,0.0,0.0,0.0,0.0,0.0,0.0,DF,0.0,0.0,0,0.0,0.0,0.0,0.0,0.0,0.0,65.0
1238,ERGASHEV Botirali,UZB,Uzbekistan,FK Neftchi Farg'ona,GK,30,189,0,Not in FBref,0,0,0,0.0,0,0,0,0,0,0,0,0,0,0,0,0,0.0,0.0,0.0,0.0,0.0,0.0,0.0,GK,0.0,0.0,0,0.0,0.0,0.0,0.0,0.0,0.0,65.0
1247,ULMASALIYEV Avazbek,UZB,Uzbekistan,OKMK FK,DF,26,187,0,Not in FBref,0,0,0,0.0,0,0,0,0,0,0,0,0,0,0,0,0,0.0,0.0,0.0,0.0,0.0,0.0,0.0,DF,0.0,0.0,0,0.0,0.0,0.0,0.0,0.0,0.0,65.0
