rank,player_name,position,national_team,age,born,90s,sca,sca_p90,sca_pass_live,sca_pass_dead,sca_take_ons,sca_shots,sca_fouled,sca_def,gca,gca_p90,gca_pass_live,gca_pass_dead,gca_take_ons,gca_shots,gca_fouled,gca_def,matches
1,Brenden Aaronson,MF,us USA,25,2000,0.8,,,,,,,,,,,,,,,,,Matches
2,Thelo Aasgaard,MF,no Norway,24,2002,1.0,,,,,,,,,,,,,,,,,Matches
3,Hamza Abdelkarim,FW,eg Egypt,18,2008,0.7,,,,,,,,,,,,,,,,,Matches
4,Hossam Abdelmaguid,DF,eg Egypt,25,2001,0.7,,,,,,,,,,,,,,,,,Matches
5,Mohamed Abdelmonem,DF,eg Egypt,27,1999,0.2,,,,,,,,,,,,,,,,,Matches
6,Ali Abdi,DF,tn Tunisia,32,1993,3.0,,,,,,,,,,,,,,,,,Matches
7,Saud Abdulhamid,DF,sa Saudi Arabia,26,1999,3.0,,,,,,,,,,,,,,,,,Matches
8,Abdulla Abdullaev,DF,uz Uzbekistan,28,1997,2.0,,,,,,,,,,,,,,,,,Matches
9,Yusuf Abdurisag,FW,qa Qatar,26,1999,1.1,,,,,,,,,,,,,,,,,Matches
10,Husam Abu Dahab,DF,jo Jordan,26,2000,2.0,,,,,,,,,,,,,,,,,Matches
11,Mohammad Abu Hasheesh,DF,jo Jordan,31,1995,0.1,,,,,,,,,,,,,,,,,Matches
12,Mohannad Abu Taha,DF,jo Jordan,23,2003,2.9,,,,,,,,,,,,,,,,,Matches
13,Mo Abualnadi,DF,jo Jordan,25,2001,0.8,,,,,,,,,,,,,,,,,Matches
14,Yazeed Abulaila,GK,jo Jordan,33,1993,3.0,,,,,,,,,,,,,,,,,Matches
15,Mahmoud Abunada,GK,qa Qatar,26,2000,3.0,,,,,,,,,,,,,,,,,Matches
16,Elias Achouri,"FW,MF",tn Tunisia,27,1999,0.5,,,,,,,,,,,,,,,,,Matches
17,Ché Adams,FW,sct Scotland,29,1996,1.6,,,,,,,,,,,,,,,,,Matches
18,Jayden Adams,MF,za South Africa,25,2001,1.3,,,,,,,,,,,,,,,,,Matches
19,Tyler Adams,MF,us USA,27,1999,3.8,,,,,,,,,,,,,,,,,Matches
20,Ricardo Adé,DF,ht Haiti,36,1990,3.0,,,,,,,,,,,,,,,,,Matches
21,Ibrahim Adel,MF,eg Egypt,25,2001,0.0,,,,,,,,,,,,,,,,,Matches
22,Simon Adingra,"FW,MF",ci Côte d'Ivoire,24,2002,0.2,,,,,,,,,,,,,,,,,Matches
23,Jonas Adjetey,DF,gh Ghana,22,2003,2.5,,,,,,,,,,,,,,,,,Matches
24,Michel Aebischer,"MF,FW",ch Switzerland,29,1997,1.7,,,,,,,,,,,,,,,,,Matches
25,Akram Afif,"FW,MF",qa Qatar,29,1996,2.6,,,,,,,,,,,,,,,,,Matches
26,Emmanuel Agbadou,DF,ci Côte d'Ivoire,28,1997,3.0,,,,,,,,,,,,,,,,,Matches
27,Rodrigo Aguirre,FW,uy Uruguay,31,1994,0.0,,,,,,,,,,,,,,,,,Matches
28,Ali Ahmed,MF,ca Canada,25,2000,2.6,,,,,,,,,,,,,,,,,Matches
29,Homam Ahmed,DF,qa Qatar,26,1999,1.4,,,,,,,,,,,,,,,,,Matches
30,Rayan Aït-Nouri,DF,dz Algeria,25,2001,3.2,,,,,,,,,,,,,,,,,Matches
31,Kristoffer Ajer,DF,no Norway,28,1998,5.3,,,,,,,,,,,,,,,,,Matches
32,Manuel Akanji,DF,ch Switzerland,30,1995,6.7,,,,,,,,,,,,,,,,,Matches
33,Nathan Aké,DF,nl Netherlands,31,1995,1.9,,,,,,,,,,,,,,,,,Matches
34,Yunus Akgün,MF,tr Türkiye,25,2000,1.0,,,,,,,,,,,,,,,,,Matches
35,Maghnes Akliouche,MF,fr France,24,2002,0.1,,,,,,,,,,,,,,,,,Matches
36,Kerem Aktürkoğlu,FW,tr Türkiye,27,1998,1.4,,,,,,,,,,,,,,,,,Matches
37,Ahmed Alaaeldin,FW,qa Qatar,33,1993,0.5,,,,,,,,,,,,,,,,,Matches
38,David Alaba,DF,at Austria,33,1992,3.1,,,,,,,,,,,,,,,,,Matches
39,Kerim Alajbegović,MF,ba Bosnia–Herz,18,2007,3.1,,,,,,,,,,,,,,,,,Matches
40,Jordy Alcivar,MF,ec Ecuador,26,1999,0.5,,,,,,,,,,,,,,,,,Matches
41,Omar Alderete,DF,py Paraguay,29,1996,3.6,,,,,,,,,,,,,,,,,Matches
42,Almoez Ali,FW,qa Qatar,29,1996,0.2,,,,,,,,,,,,,,,,,Matches
43,Hussein Ali,DF,iq Iraq,24,2002,1.8,,,,,,,,,,,,,,,,,Matches
44,Mohanad Ali,FW,iq Iraq,25,2000,0.1,,,,,,,,,,,,,,,,,Matches
45,Taha Ali,"FW,MF",se Sweden,27,1998,0.4,,,,,,,,,,,,,,,,,Matches
46,Khojiakbar Alijonov,MF,uz Uzbekistan,29,1997,1.5,,,,,,,,,,,,,,,,,Matches
47,Ali Alipour,FW,ir IR Iran,30,1995,0.4,,,,,,,,,,,,,,,,,Matches
48,Alisson,GK,br Brazil,33,1992,5.0,,,,,,,,,,,,,,,,,Matches
49,Thiago Almada,MF,ar Argentina,25,2001,2.7,,,,,,,,,,,,,,,,,Matches
50,Miguel Almirón,"MF,FW",py Paraguay,32,1994,3.1,,,,,,,,,,,,,,,,,Matches
51,Júnior Alonso,DF,py Paraguay,33,1993,4.3,,,,,,,,,,,,,,,,,Matches
52,Barış Alper Yılmaz,"MF,FW",tr Türkiye,26,2000,2.0,,,,,,,,,,,,,,,,,Matches
53,Roberto Alvarado,"FW,MF",mx Mexico,27,1998,4.8,,,,,,,,,,,,,,,,,Matches
54,Edson Álvarez,"MF,DF",mx Mexico,28,1997,2.7,,,,,,,,,,,,,,,,,Matches
55,Julián Álvarez,FW,ar Argentina,26,2000,6.7,,,,,,,,,,,,,,,,,Matches
56,Ayoube Amaimouni,MF,ma Morocco,21,2004,0.2,,,,,,,,,,,,,,,,,Matches
57,Zeki Amdouni,"FW,MF",ch Switzerland,25,2000,0.8,,,,,,,,,,,,,,,,,Matches
58,Michael Amir Murillo,"DF,MF",pa Panama,30,1996,3.0,,,,,,,,,,,,,,,,,Matches
59,Nadiem Amiri,MF,de Germany,29,1996,0.5,,,,,,,,,,,,,,,,,Matches
60,Amir Al Ammari,MF,iq Iraq,28,1997,2.7,,,,,,,,,,,,,,,,,Matches
61,Azizbek Amonov,FW,uz Uzbekistan,28,1997,0.2,,,,,,,,,,,,,,,,,Matches
62,Mohamed Amoura,"FW,MF",dz Algeria,26,2000,0.3,,,,,,,,,,,,,,,,,Matches
63,Sofyan Amrabat,MF,ma Morocco,29,1996,1.6,,,,,,,,,,,,,,,,,Matches
64,Abdulelah Al-Amri,DF,sa Saudi Arabia,29,1997,2.7,,,,,,,,,,,,,,,,,Matches
65,Youssef Amyn,MF,iq Iraq,22,2003,0.3,,,,,,,,,,,,,,,,,Matches
66,Elliot Anderson,MF,eng England,23,2002,7.0,,,,,,,,,,,,,,,,,Matches
67,Andrés Andrade Cedeño,DF,pa Panama,27,1998,3.0,,,,,,,,,,,,,,,,,Matches
68,Fredrik André Bjørkan,DF,no Norway,27,1998,0.5,,,,,,,,,,,,,,,,,Matches
69,Nilson Angulo,MF,ec Ecuador,22,2003,2.4,,,,,,,,,,,,,,,,,Matches
70,Waldemar Anton,"DF,MF",de Germany,29,1996,0.6,,,,,,,,,,,,,,,,,Matches
71,Jeremy Antonisse,"FW,MF",cw Curaçao,24,2002,0.8,,,,,,,,,,,,,,,,,Matches
72,Houssem Aouar,MF,dz Algeria,27,1998,1.9,,,,,,,,,,,,,,,,,Matches
73,Oswin Appollis,"MF,FW",za South Africa,24,2001,2.8,,,,,,,,,,,,,,,,,Matches
74,Yazan Al-Arab,DF,jo Jordan,30,1996,3.0,,,,,,,,,,,,,,,,,Matches
75,Maxi Araújo,"FW,MF",uy Uruguay,26,2000,2.8,,,,,,,,,,,,,,,,,Matches
76,Tomás Araújo,DF,pt Portugal,24,2002,1.0,,,,,,,,,,,,,,,,,Matches
77,Telmo Arcanjo,MF,cv Cabo Verde,24,2001,0.6,,,,,,,,,,,,,,,,,Matches
78,Álex Arce,FW,py Paraguay,30,1995,0.6,,,,,,,,,,,,,,,,,Matches
79,Carlens Arcus,"MF,DF",ht Haiti,29,1996,1.6,,,,,,,,,,,,,,,,,Matches
80,Max Arfsten,MF,us USA,25,2001,0.0,,,,,,,,,,,,,,,,,Matches
81,Jhon Arias,MF,co Colombia,28,1997,4.2,,,,,,,,,,,,,,,,,Matches
82,Santiago Arias,DF,co Colombia,34,1992,1.0,,,,,,,,,,,,,,,,,Matches
83,Marko Arnautović,FW,at Austria,37,1989,1.6,,,,,,,,,,,,,,,,,Matches
84,Benjamin Asare,GK,gh Ghana,33,1992,2.5,,,,,,,,,,,,,,,,,Matches
85,Emam Ashour,MF,eg Egypt,28,1998,4.0,,,,,,,,,,,,,,,,,Matches
86,Rustam Ashurmatov,DF,uz Uzbekistan,29,1996,2.8,,,,,,,,,,,,,,,,,Matches
87,Lawrence Ati-Zigi,GK,gh Ghana,29,1996,1.5,,,,,,,,,,,,,,,,,Matches
88,Marwan Attia,MF,eg Egypt,27,1998,4.8,,,,,,,,,,,,,,,,,Matches
89,Fredrik Aursnes,"MF,DF",no Norway,30,1995,3.4,,,,,,,,,,,,,,,,,Matches
90,Gabriel Ávalos,FW,py Paraguay,35,1990,1.6,,,,,,,,,,,,,,,,,Matches
91,Yasin Ayari,MF,se Sweden,22,2003,3.8,,,,,,,,,,,,,,,,,Matches
92,Oğuz Aydın,DF,tr Türkiye,25,2000,1.0,,,,,,,,,,,,,,,,,Matches
93,Jordan Ayew,FW,gh Ghana,34,1991,3.3,,,,,,,,,,,,,,,,,Matches
94,Kaan Ayhan,"DF,MF",tr Türkiye,31,1994,0.0,,,,,,,,,,,,,,,,,Matches
95,Neil El Aynaoui,MF,ma Morocco,24,2001,6.2,,,,,,,,,,,,,,,,,Matches
96,Ali Azaizeh,MF,jo Jordan,22,2004,0.6,,,,,,,,,,,,,,,,,Matches
97,Juninho Bacuna,MF,cw Curaçao,28,1997,2.8,,,,,,,,,,,,,,,,,Matches
98,Leandro Bacuna,MF,cw Curaçao,34,1991,3.0,,,,,,,,,,,,,,,,,Matches
99,Álex Baena,"MF,FW",es Spain,24,2001,5.3,,,,,,,,,,,,,,,,,Matches
100,Esmir Bajraktarevic,MF,ba Bosnia–Herz,21,2005,2.6,,,,,,,,,,,,,,,,,Matches
101,Cédric Bakambu,FW,cd Congo DR,35,1991,2.1,,,,,,,,,,,,,,,,,Matches
102,Fabián Balbuena,DF,py Paraguay,34,1991,0.0,,,,,,,,,,,,,,,,,Matches
103,Folarin Balogun,FW,us USA,24,2001,3.5,,,,,,,,,,,,,,,,,Matches
104,Simon Banza,"FW,MF",cd Congo DR,29,1996,0.4,,,,,,,,,,,,,,,,,Matches
105,Yoel Bárcenas,MF,pa Panama,32,1993,2.8,,,,,,,,,,,,,,,,,Matches
106,Valentín Barco,"DF,MF",ar Argentina,21,2004,0.2,,,,,,,,,,,,,,,,,Matches
107,Bradley Barcola,MF,fr France,23,2002,4.3,,,,,,,,,,,,,,,,,Matches
108,Abdülkerim Bardakcı,DF,tr Türkiye,31,1994,2.9,,,,,,,,,,,,,,,,,Matches
109,Ivan Bašić,MF,ba Bosnia–Herz,24,2002,2.0,,,,,,,,,,,,,,,,,Matches
110,Ahmed Basil,GK,iq Iraq,29,1996,1.5,,,,,,,,,,,,,,,,,Matches
111,Martin Baturina,"MF,FW",hr Croatia,23,2003,3.6,,,,,,,,,,,,,,,,,Matches
112,Ibrahim Bayesh,"MF,FW",iq Iraq,26,2000,2.6,,,,,,,,,,,,,,,,,Matches
113,Samed Baždar,FW,ba Bosnia–Herz,22,2004,0.3,,,,,,,,,,,,,,,,,Matches
114,Riechedly Bazoer,DF,cw Curaçao,29,1996,1.0,,,,,,,,,,,,,,,,,Matches
115,Patrick Beach,GK,au Australia,22,2003,4.3,,,,,,,,,,,,,,,,,Matches
116,Aziz Behich,MF,au Australia,35,1990,2.4,,,,,,,,,,,,,,,,,Matches
117,Maximilian Beier,"FW,MF",de Germany,23,2002,0.3,,,,,,,,,,,,,,,,,Matches
118,Alireza Beiranvand,GK,ir IR Iran,33,1992,3.0,,,,,,,,,,,,,,,,,Matches
119,Zineddine Belaïd,DF,dz Algeria,27,1999,0.3,,,,,,,,,,,,,,,,,Matches
120,Rafik Belghali,DF,dz Algeria,24,2002,3.7,,,,,,,,,,,,,,,,,Matches
121,Joe Bell,MF,nz New Zealand,27,1999,2.7,,,,,,,,,,,,,,,,,Matches
122,Jean-Ricner Bellegarde,MF,ht Haiti,27,1998,2.9,,,,,,,,,,,,,,,,,Matches
123,Jude Bellingham,MF,eng England,22,2003,6.8,,,,,,,,,,,,,,,,,Matches
124,Mortadha Ben Ouanes,"DF,MF",tn Tunisia,31,1994,0.3,,,,,,,,,,,,,,,,,Matches
125,Anis Ben Slimane,"MF,FW",tn Tunisia,25,2001,2.7,,,,,,,,,,,,,,,,,Matches
126,Oussama Benbot,GK,dz Algeria,31,1994,1.0,,,,,,,,,,,,,,,,,Matches
127,Nadhir Benbouali,FW,dz Algeria,26,2000,0.5,,,,,,,,,,,,,,,,,Matches
128,Gilson Benchimol,FW,cv Cabo Verde,24,2001,0.9,,,,,,,,,,,,,,,,,Matches
129,Ramy Bensebaini,DF,dz Algeria,31,1995,4.0,,,,,,,,,,,,,,,,,Matches
130,Nabil Bentaleb,MF,dz Algeria,31,1994,3.2,,,,,,,,,,,,,,,,,Matches
131,Rodrigo Bentancur,MF,uy Uruguay,28,1997,3.0,,,,,,,,,,,,,,,,,Matches
132,Patrick Berg,MF,no Norway,28,1997,4.9,,,,,,,,,,,,,,,,,Matches
133,Sander Berge,MF,no Norway,28,1998,5.3,,,,,,,,,,,,,,,,,Matches
134,Lucas Bergvall,MF,se Sweden,20,2006,2.0,,,,,,,,,,,,,,,,,Matches
135,Sebastian Berhalter,MF,us USA,25,2001,2.1,,,,,,,,,,,,,,,,,Matches
136,Alexander Bernhardsson,MF,se Sweden,27,1998,2.4,,,,,,,,,,,,,,,,,Matches
137,Tyler Bindon,DF,nz New Zealand,21,2005,1.1,,,,,,,,,,,,,,,,,Matches
138,César Blackman,"MF,DF",pa Panama,28,1998,2.0,,,,,,,,,,,,,,,,,Matches
139,Damián Bobadilla,MF,py Paraguay,24,2001,2.1,,,,,,,,,,,,,,,,,Matches
140,Oscar Bobb,FW,no Norway,22,2003,2.5,,,,,,,,,,,,,,,,,Matches
141,Moïse Bombito,DF,ca Canada,26,2000,2.1,,,,,,,,,,,,,,,,,Matches
142,Theo Bongonda,"FW,MF",cd Congo DR,30,1995,0.4,,,,,,,,,,,,,,,,,Matches
143,Ange-Yoan Bonny,FW,ci Côte d'Ivoire,22,2003,2.6,,,,,,,,,,,,,,,,,Matches
144,Jordy Bos,"MF,DF",au Australia,23,2002,3.4,,,,,,,,,,,,,,,,,Matches
145,Ayyoub Bouaddi,MF,ma Morocco,18,2007,4.2,,,,,,,,,,,,,,,,,Matches
146,Hicham Boudaoui,MF,dz Algeria,26,1999,1.4,,,,,,,,,,,,,,,,,Matches
147,Karim Boudiaf,MF,qa Qatar,35,1990,1.1,,,,,,,,,,,,,,,,,Matches
148,Adil Boulbina,FW,dz Algeria,23,2003,0.2,,,,,,,,,,,,,,,,,Matches
149,Yassine Bounou,GK,ma Morocco,35,1991,6.3,,,,,,,,,,,,,,,,,Matches
150,Nawaf Boushal,DF,sa Saudi Arabia,26,1999,1.0,,,,,,,,,,,,,,,,,Matches
151,Michael Boxall,DF,nz New Zealand,37,1988,2.3,,,,,,,,,,,,,,,,,Matches
152,Sultan Al-Brake,DF,qa Qatar,30,1996,1.6,,,,,,,,,,,,,,,,,Matches
153,Joshua Brenet,DF,cw Curaçao,32,1994,2.0,,,,,,,,,,,,,,,,,Matches
154,Brian Brobbey,FW,nl Netherlands,24,2002,2.5,,,,,,,,,,,,,,,,,Matches
155,Dylan Bronn,DF,tn Tunisia,30,1995,0.5,,,,,,,,,,,,,,,,,Matches
156,Nathaniel Brown,DF,de Germany,22,2003,3.1,,,,,,,,,,,,,,,,,Matches
157,Tajon Buchanan,MF,ca Canada,27,1999,4.2,,,,,,,,,,,,,,,,,Matches
158,Ante Budimir,FW,hr Croatia,34,1991,1.7,,,,,,,,,,,,,,,,,Matches
159,Firas Al-Buraikan,FW,sa Saudi Arabia,26,2000,2.6,,,,,,,,,,,,,,,,,Matches
160,Cameron Burgess,DF,au Australia,30,1995,1.5,,,,,,,,,,,,,,,,,Matches
161,Dan Burn,DF,eng England,34,1992,0.4,,,,,,,,,,,,,,,,,Matches
162,Dženis Burnić,MF,ba Bosnia–Herz,28,1998,0.2,,,,,,,,,,,,,,,,,Matches
163,Gustavo Caballero,"FW,MF",py Paraguay,24,2001,1.1,,,,,,,,,,,,,,,,,Matches
164,Jovane Cabral,FW,cv Cabo Verde,28,1998,1.5,,,,,,,,,,,,,,,,,Matches
165,Liberato Cacace,DF,nz New Zealand,25,2000,2.4,,,,,,,,,,,,,,,,,Matches
166,Juan Cáceres,DF,py Paraguay,26,2000,4.8,,,,,,,,,,,,,,,,,Matches
167,Sebastián Cáceres,DF,uy Uruguay,26,1999,3.0,,,,,,,,,,,,,,,,,Matches
168,Jordy Caicedo,FW,ec Ecuador,28,1997,0.2,,,,,,,,,,,,,,,,,Matches
169,Moisés Caicedo,MF,ec Ecuador,24,2001,4.0,,,,,,,,,,,,,,,,,Matches
170,Uğurcan Çakır,GK,tr Türkiye,30,1996,3.0,,,,,,,,,,,,,,,,,Matches
171,Hakan Çalhanoğlu,MF,tr Türkiye,32,1994,2.0,,,,,,,,,,,,,,,,,Matches
172,Lamine Camara,MF,sn Senegal,22,2004,2.8,,,,,,,,,,,,,,,,,Matches
173,Jaminton Campaz,"FW,MF",co Colombia,26,2000,0.8,,,,,,,,,,,,,,,,,Matches
174,İrfan Can Kahveci,MF,tr Türkiye,30,1995,0.0,,,,,,,,,,,,,,,,,Matches
175,José Canale,DF,py Paraguay,29,1996,1.8,,,,,,,,,,,,,,,,,Matches
176,João Cancelo,DF,pt Portugal,32,1994,3.5,,,,,,,,,,,,,,,,,Matches
177,Agustín Canobbio,FW,uy Uruguay,27,1998,2.5,,,,,,,,,,,,,,,,,Matches
178,Casemiro,MF,br Brazil,34,1992,4.2,,,,,,,,,,,,,,,,,Matches
179,Josué Casimir,MF,ht Haiti,24,2001,2.0,,,,,,,,,,,,,,,,,Matches
180,Timothy Castagne,DF,be Belgium,30,1995,5.3,,,,,,,,,,,,,,,,,Matches
181,Kevin Castaño,MF,co Colombia,25,2000,0.2,,,,,,,,,,,,,,,,,Matches
182,Jens Castrop,MF,kr Korea Republic,22,2003,0.5,,,,,,,,,,,,,,,,,Matches
183,Zeki Çelik,DF,tr Türkiye,29,1997,1.8,,,,,,,,,,,,,,,,,Matches
184,Lukáš Červ,MF,cz Czechia,25,2001,1.8,,,,,,,,,,,,,,,,,Matches
185,Fares Chaïbi,MF,dz Algeria,23,2002,4.0,,,,,,,,,,,,,,,,,Matches
186,Trevoh Chalobah,"DF,MF",eng England,26,1999,0.0,,,,,,,,,,,,,,,,,Matches
187,Štěpán Chaloupek,DF,cz Czechia,23,2003,1.0,,,,,,,,,,,,,,,,,Matches
188,Mouhib Chamakh,GK,tn Tunisia,24,2001,1.0,,,,,,,,,,,,,,,,,Matches
189,Firas Chaouat,FW,tn Tunisia,30,1996,0.5,,,,,,,,,,,,,,,,,Matches
190,Luis Chávez,MF,mx Mexico,30,1996,0.3,,,,,,,,,,,,,,,,,Matches
191,Mateo Chávez,DF,mx Mexico,22,2004,0.9,,,,,,,,,,,,,,,,,Matches
192,Samir Chergui,DF,dz Algeria,27,1999,0.2,,,,,,,,,,,,,,,,,Matches
193,Rayan Cherki,MF,fr France,22,2003,1.4,,,,,,,,,,,,,,,,,Matches
194,Mathieu Choinière,MF,ca Canada,27,1999,0.6,,,,,,,,,,,,,,,,,Matches
195,Tahith Chong,MF,cw Curaçao,26,1999,2.7,,,,,,,,,,,,,,,,,Matches
196,Tomáš Chorý,FW,cz Czechia,31,1995,0.3,,,,,,,,,,,,,,,,,Matches
197,Ryan Christie,MF,sct Scotland,31,1995,1.1,,,,,,,,,,,,,,,,,Matches
198,Carney Chukwuemeka,MF,at Austria,22,2003,0.9,,,,,,,,,,,,,,,,,Matches
199,Mojmír Chytil,FW,cz Czechia,27,1999,0.1,,,,,,,,,,,,,,,,,Matches
200,Brian Cipenga,"MF,FW",cd Congo DR,28,1998,1.6,,,,,,,,,,,,,,,,,Matches
201,Alessandro Circati,DF,au Australia,22,2003,4.3,,,,,,,,,,,,,,,,,Matches
202,Pathé Ciss,DF,sn Senegal,32,1994,2.0,,,,,,,,,,,,,,,,,Matches
203,Livano Comenencia,MF,cw Curaçao,22,2004,2.6,,,,,,,,,,,,,,,,,Matches
204,Eray Cömert,DF,ch Switzerland,28,1998,0.3,,,,,,,,,,,,,,,,,Matches
205,Francisco Conceição,MF,pt Portugal,23,2002,1.4,,,,,,,,,,,,,,,,,Matches
206,Jhon Córdoba,FW,co Colombia,33,1993,1.1,,,,,,,,,,,,,,,,,Matches
207,José Córdoba,DF,pa Panama,25,2001,3.0,,,,,,,,,,,,,,,,,Matches
208,Derek Cornelius,DF,ca Canada,28,1997,3.5,,,,,,,,,,,,,,,,,Matches
209,Diogo Costa,GK,pt Portugal,26,1999,5.0,,,,,,,,,,,,,,,,,Matches
210,Nuno da Costa,FW,cv Cabo Verde,35,1991,1.8,,,,,,,,,,,,,,,,,Matches
211,Samu Costa,MF,pt Portugal,25,2000,0.2,,,,,,,,,,,,,,,,,Matches
212,Vladimír Coufal,"MF,DF",cz Czechia,33,1992,3.0,,,,,,,,,,,,,,,,,Matches
213,Thibaut Courtois,GK,be Belgium,34,1992,6.1,,,,,,,,,,,,,,,,,Matches
214,Maxime Crépeau,GK,ca Canada,32,1994,5.0,,,,,,,,,,,,,,,,,Matches
215,Max Crocombe,GK,nz New Zealand,32,1993,3.0,,,,,,,,,,,,,,,,,Matches
216,Pau Cubarsí,DF,es Spain,19,2007,8.3,,,,,,,,,,,,,,,,,Matches
217,Andrés Cubas,MF,py Paraguay,30,1996,5.3,,,,,,,,,,,,,,,,,Matches
218,Cucho,"FW,MF",co Colombia,27,1999,0.6,,,,,,,,,,,,,,,,,Matches
219,Marc Cucurella,DF,es Spain,27,1998,8.3,,,,,,,,,,,,,,,,,Matches
220,Matheus Cunha,FW,br Brazil,27,1999,3.2,,,,,,,,,,,,,,,,,Matches
221,Findlay Curtis,MF,sct Scotland,19,2006,0.1,,,,,,,,,,,,,,,,,Matches
222,Aymen Dahmen,GK,tn Tunisia,29,1997,2.0,,,,,,,,,,,,,,,,,Matches
223,Diogo Dalot,"DF,MF",pt Portugal,27,1999,0.7,,,,,,,,,,,,,,,,,Matches
224,Danilo,DF,br Brazil,34,1991,4.5,,,,,,,,,,,,,,,,,Matches
225,Kevin Danso,DF,at Austria,27,1998,2.7,,,,,,,,,,,,,,,,,Matches
226,Vladimír Darida,MF,cz Czechia,35,1990,0.6,,,,,,,,,,,,,,,,,Matches
227,Jonathan David,FW,ca Canada,26,2000,4.7,,,,,,,,,,,,,,,,,Matches
228,Promise David,FW,ca Canada,24,2001,0.9,,,,,,,,,,,,,,,,,Matches
229,Alphonso Davies,"DF,FW",ca Canada,25,2000,0.2,,,,,,,,,,,,,,,,,Matches
230,Erick Davis,DF,pa Panama,35,1991,0.0,,,,,,,,,,,,,,,,,Matches
231,Nasser Al-Dawsari,MF,sa Saudi Arabia,27,1998,2.3,,,,,,,,,,,,,,,,,Matches
232,Salem Al-Dawsari,MF,sa Saudi Arabia,34,1991,2.7,,,,,,,,,,,,,,,,,Matches
233,Mohammad Al-Dawud,"FW,MF",jo Jordan,34,1992,0.0,,,,,,,,,,,,,,,,,Matches
234,Kevin De Bruyne,MF,be Belgium,34,1991,4.2,,,,,,,,,,,,,,,,,Matches
235,Maxim De Cuyper,DF,be Belgium,25,2000,4.9,,,,,,,,,,,,,,,,,Matches
236,Luc De Fougerolles,DF,ca Canada,20,2005,4.1,,,,,,,,,,,,,,,,,Matches
237,Charles De Ketelaere,"FW,MF",be Belgium,25,2001,3.9,,,,,,,,,,,,,,,,,Matches
238,Nicolás De La Cruz,MF,uy Uruguay,29,1997,1.0,,,,,,,,,,,,,,,,,Matches
239,Rodrigo De Paul,MF,ar Argentina,32,1994,5.5,,,,,,,,,,,,,,,,,Matches
240,Amar Dedić,DF,ba Bosnia–Herz,23,2002,3.0,,,,,,,,,,,,,,,,,Matches
241,Louicius Deedson,MF,ht Haiti,25,2001,1.2,,,,,,,,,,,,,,,,,Matches
242,Hannes Delcroix,DF,ht Haiti,27,1999,3.0,,,,,,,,,,,,,,,,,Matches
243,Ousmane Dembélé,MF,fr France,29,1997,6.6,,,,,,,,,,,,,,,,,Matches
244,Merih Demiral,DF,tr Türkiye,28,1998,2.0,,,,,,,,,,,,,,,,,Matches
245,Ermedin Demirović,FW,ba Bosnia–Herz,28,1998,3.9,,,,,,,,,,,,,,,,,Matches
246,Sergiño Dest,MF,us USA,25,2000,3.3,,,,,,,,,,,,,,,,,Matches
247,Frans Dhia Putros,DF,iq Iraq,32,1993,1.0,,,,,,,,,,,,,,,,,Matches
248,Oumar Diakité,FW,ci Côte d'Ivoire,22,2003,0.3,,,,,,,,,,,,,,,,,Matches
249,Amad Diallo,"MF,FW",ci Côte d'Ivoire,23,2002,2.1,,,,,,,,,,,,,,,,,Matches
250,Assane Diao,MF,sn Senegal,20,2005,0.1,,,,,,,,,,,,,,,,,Matches
251,Habib Diarra,MF,sn Senegal,22,2004,1.6,,,,,,,,,,,,,,,,,Matches
252,Rúben Dias,DF,pt Portugal,29,1997,4.0,,,,,,,,,,,,,,,,,Matches
253,Krépin Diatta,DF,sn Senegal,27,1999,4.3,,,,,,,,,,,,,,,,,Matches
254,Mory Diaw,GK,sn Senegal,32,1993,2.6,,,,,,,,,,,,,,,,,Matches
255,Brahim Díaz,MF,ma Morocco,26,1999,5.1,,,,,,,,,,,,,,,,,Matches
256,Ismael Díaz,"FW,MF",pa Panama,29,1997,0.4,,,,,,,,,,,,,,,,,Matches
257,Luis Díaz,"FW,MF",co Colombia,29,1997,5.3,,,,,,,,,,,,,,,,,Matches
258,Bamba Dieng,FW,sn Senegal,26,2000,0.1,,,,,,,,,,,,,,,,,Matches
259,Lucas Digne,DF,fr France,32,1993,5.1,,,,,,,,,,,,,,,,,Matches
260,Diney,DF,cv Cabo Verde,31,1995,4.3,,,,,,,,,,,,,,,,,Matches
261,Ousmane Diomande,DF,ci Côte d'Ivoire,22,2003,1.0,,,,,,,,,,,,,,,,,Matches
262,Yan Diomandé,"MF,FW",ci Côte d'Ivoire,19,2006,3.7,,,,,,,,,,,,,,,,,Matches
263,Issa Diop,DF,ma Morocco,29,1997,5.3,,,,,,,,,,,,,,,,,Matches
264,El Hadji Malick Diouf,DF,sn Senegal,21,2004,1.9,,,,,,,,,,,,,,,,,Matches
265,Ritsu Doan,MF,jp Japan,27,1998,3.1,,,,,,,,,,,,,,,,,Matches
266,Jeremy Doku,MF,be Belgium,24,2002,3.4,,,,,,,,,,,,,,,,,Matches
267,Merchas Doski,DF,iq Iraq,26,1999,3.0,,,,,,,,,,,,,,,,,Matches
268,David Douděra,MF,cz Czechia,28,1998,1.0,,,,,,,,,,,,,,,,,Matches
269,Désiré Doué,MF,fr France,21,2005,4.4,,,,,,,,,,,,,,,,,Matches
270,Guéla Doué,DF,ci Côte d'Ivoire,23,2002,3.1,,,,,,,,,,,,,,,,,Matches
271,Deroy Duarte,MF,cv Cabo Verde,26,1999,2.9,,,,,,,,,,,,,,,,,Matches
272,Laros Duarte,MF,cv Cabo Verde,29,1997,1.8,,,,,,,,,,,,,,,,,Matches
273,Denzel Dumfries,"DF,MF",nl Netherlands,30,1996,4.3,,,,,,,,,,,,,,,,,Matches
274,Jean-Kevin Duverne,DF,ht Haiti,28,1997,1.9,,,,,,,,,,,,,,,,,Matches
275,Lyndon Dykes,"FW,MF",sct Scotland,30,1995,0.4,,,,,,,,,,,,,,,,,Matches
276,Edin Džeko,FW,ba Bosnia–Herz,40,1986,2.0,,,,,,,,,,,,,,,,,Matches
277,Roshon van Eijma,DF,cw Curaçao,28,1998,0.2,,,,,,,,,,,,,,,,,Matches
278,Anthony Elanga,"MF,FW",se Sweden,24,2002,2.4,,,,,,,,,,,,,,,,,Matches
279,Meschak Elia,"FW,MF",cd Congo DR,28,1997,0.5,,,,,,,,,,,,,,,,,Matches
280,Callan Elliot,DF,nz New Zealand,26,1999,0.1,,,,,,,,,,,,,,,,,Matches
281,Eren Elmalı,DF,tr Türkiye,25,2000,1.2,,,,,,,,,,,,,,,,,Matches
282,Nico Elvedi,DF,ch Switzerland,29,1996,6.7,,,,,,,,,,,,,,,,,Matches
283,Breel Embolo,FW,ch Switzerland,29,1997,5.6,,,,,,,,,,,,,,,,,Matches
284,Julio Enciso,FW,py Paraguay,22,2004,4.3,,,,,,,,,,,,,,,,,Matches
285,Endrick,FW,br Brazil,19,2006,1.3,,,,,,,,,,,,,,,,,Matches
286,Sherzod Esanov,MF,uz Uzbekistan,23,2003,0.0,,,,,,,,,,,,,,,,,Matches
287,Fidel Escobar,DF,pa Panama,31,1995,1.0,,,,,,,,,,,,,,,,,Matches
288,Pervis Estupiñán,MF,ec Ecuador,28,1998,1.0,,,,,,,,,,,,,,,,,Matches
289,Derrick Etienne,"FW,MF",ht Haiti,29,1996,0.1,,,,,,,,,,,,,,,,,Matches
290,Stephen Eustáquio,MF,ca Canada,29,1996,4.4,,,,,,,,,,,,,,,,,Matches
291,Martin Expérience,"DF,MF",ht Haiti,27,1999,3.0,,,,,,,,,,,,,,,,,Matches
292,Saeid Ezatolahi,MF,ir IR Iran,29,1996,2.9,,,,,,,,,,,,,,,,,Matches
293,Eberechi Eze,MF,eng England,27,1998,2.3,,,,,,,,,,,,,,,,,Matches
294,Fabinho,"DF,MF",br Brazil,32,1993,0.8,,,,,,,,,,,,,,,,,Matches
295,José Fajardo,FW,pa Panama,32,1993,1.7,,,,,,,,,,,,,,,,,Matches
296,Odeh Al-Fakhouri,"MF,FW",jo Jordan,20,2005,1.6,,,,,,,,,,,,,,,,,Matches
297,Henrik Falchener,DF,no Norway,23,2003,0.7,,,,,,,,,,,,,,,,,Matches
298,Marko Farji,MF,iq Iraq,22,2004,0.6,,,,,,,,,,,,,,,,,Matches
299,Christian Fassnacht,"FW,MF",ch Switzerland,32,1993,0.1,,,,,,,,,,,,,,,,,Matches
300,Abdul Fatawu Issahaku,"FW,MF",gh Ghana,22,2004,1.5,,,,,,,,,,,,,,,,,Matches
301,Ahmed Fathy,MF,qa Qatar,33,1993,1.7,,,,,,,,,,,,,,,,,Matches
302,Hamdy Fathy,"DF,MF",eg Egypt,31,1994,2.6,,,,,,,,,,,,,,,,,Matches
303,Ahmed Fatouh,DF,eg Egypt,28,1998,3.0,,,,,,,,,,,,,,,,,Matches
304,Abbosbek Fayzullayev,MF,uz Uzbekistan,22,2003,2.4,,,,,,,,,,,,,,,,,Matches
305,João Félix,MF,pt Portugal,26,1999,2.2,,,,,,,,,,,,,,,,,Matches
306,Lewis Ferguson,MF,sct Scotland,26,1999,3.0,,,,,,,,,,,,,,,,,Matches
307,Bruno Fernandes,MF,pt Portugal,31,1994,4.7,,,,,,,,,,,,,,,,,Matches
308,Enzo Fernández,MF,ar Argentina,25,2001,7.3,,,,,,,,,,,,,,,,,Matches
309,Matias Fernandez-Pardo,"FW,MF",be Belgium,21,2005,0.5,,,,,,,,,,,,,,,,,Matches
310,Álvaro Fidalgo,MF,mx Mexico,29,1997,1.1,,,,,,,,,,,,,,,,,Matches
311,Sherel Floranus,DF,cw Curaçao,27,1998,3.0,,,,,,,,,,,,,,,,,Matches
312,Seko Fofana,MF,ci Côte d'Ivoire,31,1995,1.0,,,,,,,,,,,,,,,,,Matches
313,Yahia Fofana,GK,ci Côte d'Ivoire,25,2000,4.0,,,,,,,,,,,,,,,,,Matches
314,Deveron Fonville,DF,cw Curaçao,23,2003,2.7,,,,,,,,,,,,,,,,,Matches
315,Yassin Fortuné,"FW,MF",ht Haiti,27,1999,0.1,,,,,,,,,,,,,,,,,Matches
316,Lyle Foster,FW,za South Africa,25,2000,0.6,,,,,,,,,,,,,,,,,Matches
317,Alan Franco,DF,ec Ecuador,27,1998,2.8,,,,,,,,,,,,,,,,,Matches
318,Alex Freeman,DF,us USA,21,2004,4.2,,,,,,,,,,,,,,,,,Matches
319,Matt Freese,GK,us USA,27,1998,4.0,,,,,,,,,,,,,,,,,Matches
320,Remo Freuler,MF,ch Switzerland,34,1992,6.6,,,,,,,,,,,,,,,,,Matches
321,Marco Friedl,DF,at Austria,28,1998,0.3,,,,,,,,,,,,,,,,,Matches
322,Juriën Gaari,DF,cw Curaçao,32,1993,1.8,,,,,,,,,,,,,,,,,Matches
323,Jassem Gaber,MF,qa Qatar,24,2002,1.7,,,,,,,,,,,,,,,,,Matches
324,Cody Gakpo,FW,nl Netherlands,27,1999,4.1,,,,,,,,,,,,,,,,,Matches
325,Matías Galarza,MF,py Paraguay,24,2002,4.3,,,,,,,,,,,,,,,,,Matches
326,Hernán Galíndez,GK,ec Ecuador,39,1987,4.0,,,,,,,,,,,,,,,,,Matches
327,Jesús Gallardo,DF,mx Mexico,31,1994,4.1,,,,,,,,,,,,,,,,,Matches
328,Ahmed Al-Ganehi,FW,qa Qatar,25,2000,0.4,,,,,,,,,,,,,,,,,Matches
329,Ben Gannon-Doak,MF,sct Scotland,20,2005,2.1,,,,,,,,,,,,,,,,,Matches
330,Eric García,"DF,MF",es Spain,25,2001,0.2,,,,,,,,,,,,,,,,,Matches
331,Gavi,FW,es Spain,21,2004,0.8,,,,,,,,,,,,,,,,,Matches
332,Jason Geria,DF,au Australia,33,1993,0.7,,,,,,,,,,,,,,,,,Matches
333,Khalid Al Ghannam,MF,sa Saudi Arabia,25,2000,0.0,,,,,,,,,,,,,,,,,Matches
334,Ismaël Gharbi,MF,tn Tunisia,22,2004,1.4,,,,,,,,,,,,,,,,,Matches
335,Mehdi Ghayedi,FW,ir IR Iran,27,1998,0.5,,,,,,,,,,,,,,,,,Matches
336,Farés Ghedjemis,"FW,MF",dz Algeria,23,2002,0.0,,,,,,,,,,,,,,,,,Matches
337,Saman Ghoddos,MF,ir IR Iran,32,1993,2.3,,,,,,,,,,,,,,,,,Matches
338,Mohammad Ghorbani,MF,ir IR Iran,25,2001,1.0,,,,,,,,,,,,,,,,,Matches
339,Lee Gi-hyuk,DF,kr Korea Republic,25,2000,3.0,,,,,,,,,,,,,,,,,Matches
340,Armin Gigovic,MF,ba Bosnia–Herz,24,2002,0.9,,,,,,,,,,,,,,,,,Matches
341,Orlando Gill,GK,py Paraguay,26,2000,5.3,,,,,,,,,,,,,,,,,Matches
342,Santiago Giménez,FW,mx Mexico,25,2001,1.0,,,,,,,,,,,,,,,,,Matches
343,Aníbal Godoy,MF,pa Panama,36,1990,0.0,,,,,,,,,,,,,,,,,Matches
344,Andrés Gómez,MF,co Colombia,23,2002,0.0,,,,,,,,,,,,,,,,,Matches
345,Diego Gómez,MF,py Paraguay,23,2003,3.4,,,,,,,,,,,,,,,,,Matches
346,Gustavo Gómez,DF,py Paraguay,33,1993,5.3,,,,,,,,,,,,,,,,,Matches
347,Armando González,FW,mx Mexico,23,2003,0.2,,,,,,,,,,,,,,,,,Matches
348,Nicolás González,MF,ar Argentina,28,1998,2.9,,,,,,,,,,,,,,,,,Matches
349,Anthony Gordon,MF,eng England,25,2001,4.4,,,,,,,,,,,,,,,,,Matches
350,Leon Goretzka,MF,de Germany,31,1995,1.1,,,,,,,,,,,,,,,,,Matches
351,Kenji Gorré,"FW,MF",cw Curaçao,31,1994,0.2,,,,,,,,,,,,,,,,,Matches
352,Keisuke Gotō,FW,jp Japan,21,2005,0.1,,,,,,,,,,,,,,,,,Matches
353,Amine Gouiri,FW,dz Algeria,26,2000,2.8,,,,,,,,,,,,,,,,,Matches
354,Ryan Gravenberch,MF,nl Netherlands,24,2002,3.8,,,,,,,,,,,,,,,,,Matches
355,Michael Gregoritsch,FW,at Austria,32,1994,2.1,,,,,,,,,,,,,,,,,Matches
356,Florian Grillitsch,"DF,MF",at Austria,30,1995,1.0,,,,,,,,,,,,,,,,,Matches
357,Pascal Groß,"DF,MF",de Germany,34,1991,0.2,,,,,,,,,,,,,,,,,Matches
358,Gabriel Gudmundsson,"MF,DF",se Sweden,27,1999,3.7,,,,,,,,,,,,,,,,,Matches
359,Cho Gue-sung,FW,kr Korea Republic,28,1998,0.3,,,,,,,,,,,,,,,,,Matches
360,Marc Guéhi,DF,eng England,25,2000,7.4,,,,,,,,,,,,,,,,,Matches
361,Evann Guessand,"FW,MF",ci Côte d'Ivoire,24,2001,0.2,,,,,,,,,,,,,,,,,Matches
362,Idrissa Gueye,MF,sn Senegal,36,1989,4.0,,,,,,,,,,,,,,,,,Matches
363,Pape Gueye,MF,sn Senegal,27,1999,2.6,,,,,,,,,,,,,,,,,Matches
364,Bruno Guimarães,MF,br Brazil,28,1997,4.6,,,,,,,,,,,,,,,,,Matches
365,Deniz Gül,FW,tr Türkiye,21,2004,0.4,,,,,,,,,,,,,,,,,Matches
366,Arda Güler,MF,tr Türkiye,21,2005,3.0,,,,,,,,,,,,,,,,,Matches
367,Angus Gunn,GK,sct Scotland,30,1996,3.0,,,,,,,,,,,,,,,,,Matches
368,Malo Gusto,DF,fr France,23,2003,1.3,,,,,,,,,,,,,,,,,Matches
369,Brian Gutiérrez,MF,mx Mexico,22,2003,2.2,,,,,,,,,,,,,,,,,Matches
370,Jorge Gutiérrez,DF,pa Panama,27,1998,1.0,,,,,,,,,,,,,,,,,Matches
371,Joško Gvardiol,DF,hr Croatia,24,2002,1.5,,,,,,,,,,,,,,,,,Matches
372,Viktor Gyökeres,FW,se Sweden,28,1998,4.0,,,,,,,,,,,,,,,,,Matches
373,Aziz Gʻaniyev,MF,uz Uzbekistan,28,1998,1.4,,,,,,,,,,,,,,,,,Matches
374,Erling Haaland,FW,no Norway,25,2000,5.2,,,,,,,,,,,,,,,,,Matches
375,Ihsan Haddad,DF,jo Jordan,32,1994,2.9,,,,,,,,,,,,,,,,,Matches
376,Anis Hadj Moussa,MF,dz Algeria,24,2002,1.1,,,,,,,,,,,,,,,,,Matches
377,Jaouen Hadjam,DF,dz Algeria,23,2003,1.2,,,,,,,,,,,,,,,,,Matches
378,Amir Hadžiahmetović,MF,ba Bosnia–Herz,29,1997,0.1,,,,,,,,,,,,,,,,,Matches
379,Dennis Hadžikadunić,DF,ba Bosnia–Herz,27,1998,0.3,,,,,,,,,,,,,,,,,Matches
380,Karim Hafez,DF,eg Egypt,30,1996,1.9,,,,,,,,,,,,,,,,,Matches
381,Ehsan Hajsafi,DF,ir IR Iran,36,1990,1.0,,,,,,,,,,,,,,,,,Matches
382,Achraf Hakimi,DF,ma Morocco,27,1998,6.3,,,,,,,,,,,,,,,,,Matches
383,Redouane Halhal,DF,ma Morocco,23,2003,2.0,,,,,,,,,,,,,,,,,Matches
384,Ali Al Hamadi,FW,iq Iraq,24,2002,2.0,,,,,,,,,,,,,,,,,Matches
385,Abdullah Al-Hamdan,FW,sa Saudi Arabia,26,1999,0.8,,,,,,,,,,,,,,,,,Matches
386,Mohamed Amine Ben Hamida,DF,tn Tunisia,30,1995,2.2,,,,,,,,,,,,,,,,,Matches
387,Odiljon Hamrobekov,MF,uz Uzbekistan,30,1996,0.9,,,,,,,,,,,,,,,,,Matches
388,Lee Han-beom,DF,kr Korea Republic,23,2002,3.0,,,,,,,,,,,,,,,,,Matches
389,Grant Hanley,DF,sct Scotland,34,1991,2.0,,,,,,,,,,,,,,,,,Matches
390,Sontje Hansen,FW,cw Curaçao,24,2002,0.5,,,,,,,,,,,,,,,,,Matches
391,Mohamed Hany,DF,eg Egypt,30,1996,5.3,,,,,,,,,,,,,,,,,Matches
392,Moteb Al-Harbi,DF,sa Saudi Arabia,26,2000,2.1,,,,,,,,,,,,,,,,,Matches
393,Saleh Hardani,DF,ir IR Iran,27,1998,1.0,,,,,,,,,,,,,,,,,Matches
394,Carlos Harvey,MF,pa Panama,26,2000,3.0,,,,,,,,,,,,,,,,,Matches
395,Akam Hashim,DF,iq Iraq,27,1998,3.0,,,,,,,,,,,,,,,,,Matches
396,Haissem Hassan,MF,eg Egypt,24,2002,1.4,,,,,,,,,,,,,,,,,Matches
397,Jalal Hassan,GK,iq Iraq,35,1991,1.5,,,,,,,,,,,,,,,,,Matches
398,Abdulaziz Hatem,MF,qa Qatar,36,1990,0.5,,,,,,,,,,,,,,,,,Matches
399,Jorrel Hato,DF,nl Netherlands,20,2006,0.4,,,,,,,,,,,,,,,,,Matches
400,Kai Havertz,FW,de Germany,27,1999,3.9,,,,,,,,,,,,,,,,,Matches
401,Hassan Al-Haydos,MF,qa Qatar,35,1990,0.6,,,,,,,,,,,,,,,,,Matches
402,Jan Paul van Hecke,DF,nl Netherlands,26,2000,4.3,,,,,,,,,,,,,,,,,Matches
403,Hwang Hee-chan,FW,kr Korea Republic,30,1996,1.2,,,,,,,,,,,,,,,,,Matches
404,Torbjørn Heggem,DF,no Norway,27,1999,4.9,,,,,,,,,,,,,,,,,Matches
405,Alaa Al Hejji,MF,sa Saudi Arabia,30,1995,0.4,,,,,,,,,,,,,,,,,Matches
406,Dean Henderson,GK,eng England,29,1997,1.0,,,,,,,,,,,,,,,,,Matches
407,Jordan Henderson,MF,eng England,35,1990,0.1,,,,,,,,,,,,,,,,,Matches
408,Jack Hendry,DF,sct Scotland,31,1995,3.0,,,,,,,,,,,,,,,,,Matches
409,Luiz Henrique,"FW,MF",br Brazil,25,2001,0.3,,,,,,,,,,,,,,,,,Matches
410,Theo Hernández,DF,fr France,28,1997,2.9,,,,,,,,,,,,,,,,,Matches
411,Lucas Herrington,DF,au Australia,18,2007,2.3,,,,,,,,,,,,,,,,,Matches
412,Son Heung-min,FW,kr Korea Republic,33,1992,1.9,,,,,,,,,,,,,,,,,Matches
413,Aaron Hickey,DF,sct Scotland,24,2002,0.8,,,,,,,,,,,,,,,,,Matches
414,Isak Hien,DF,se Sweden,27,1999,2.4,,,,,,,,,,,,,,,,,Matches
415,Piero Hincapié,DF,ec Ecuador,24,2002,3.8,,,,,,,,,,,,,,,,,Matches
416,Adam Hložek,FW,cz Czechia,23,2002,1.7,,,,,,,,,,,,,,,,,Matches
417,Tomáš Holeš,DF,cz Czechia,33,1993,1.7,,,,,,,,,,,,,,,,,Matches
418,Amirhossein Hosseinzadeh,FW,ir IR Iran,25,2000,0.2,,,,,,,,,,,,,,,,,Matches
419,Robin Hranáč,DF,cz Czechia,26,2000,3.0,,,,,,,,,,,,,,,,,Matches
420,Ajdin Hrustic,MF,au Australia,29,1996,0.9,,,,,,,,,,,,,,,,,Matches
421,César Huerta,"FW,MF",mx Mexico,25,2000,0.1,,,,,,,,,,,,,,,,,Matches
422,Al-Hashmi Al-Hussain,MF,qa Qatar,22,2003,0.4,,,,,,,,,,,,,,,,,Matches
423,Ayman Hussein,FW,iq Iraq,30,1996,1.3,,,,,,,,,,,,,,,,,Matches
424,Oh Hyeon-gyu,FW,kr Korea Republic,25,2001,1.4,,,,,,,,,,,,,,,,,Matches
425,Yang Hyun-jun,"FW,MF",kr Korea Republic,24,2002,0.2,,,,,,,,,,,,,,,,,Matches
426,Roger Ibanez,DF,br Brazil,27,1998,0.5,,,,,,,,,,,,,,,,,Matches
427,Yasser Ibrahim,DF,eg Egypt,33,1993,5.2,,,,,,,,,,,,,,,,,Matches
428,Borja Iglesias,FW,es Spain,33,1993,0.0,,,,,,,,,,,,,,,,,Matches
429,Hwang In-beom,MF,kr Korea Republic,29,1996,2.9,,,,,,,,,,,,,,,,,Matches
430,Christ Inao Oulaï,MF,ci Côte d'Ivoire,20,2006,2.3,,,,,,,,,,,,,,,,,Matches
431,Zidane Iqbal,MF,iq Iraq,23,2003,2.1,,,,,,,,,,,,,,,,,Matches
432,Nestory Irankunda,"FW,MF",au Australia,20,2006,2.9,,,,,,,,,,,,,,,,,Matches
433,Jackson Irvine,MF,au Australia,33,1993,2.5,,,,,,,,,,,,,,,,,Matches
434,Alexander Isak,FW,se Sweden,26,1999,4.0,,,,,,,,,,,,,,,,,Matches
435,Wilson Isidor,FW,ht Haiti,25,2000,2.1,,,,,,,,,,,,,,,,,Matches
436,Jamshid Iskanderov,"FW,MF",uz Uzbekistan,32,1993,0.1,,,,,,,,,,,,,,,,,Matches
437,Zaid Ismail,MF,iq Iraq,24,2002,1.3,,,,,,,,,,,,,,,,,Matches
438,Ko Itakura,DF,jp Japan,29,1997,1.4,,,,,,,,,,,,,,,,,Matches
439,Jacob Italiano,DF,au Australia,24,2001,1.8,,,,,,,,,,,,,,,,,Matches
440,Hiroki Ito,DF,jp Japan,27,1999,4.0,,,,,,,,,,,,,,,,,Matches
441,Junya Itō,MF,jp Japan,33,1993,2.4,,,,,,,,,,,,,,,,,Matches
442,Cedric Itten,"FW,MF",ch Switzerland,29,1996,0.5,,,,,,,,,,,,,,,,,Matches
443,Nicolas Jackson,FW,sn Senegal,24,2001,2.6,,,,,,,,,,,,,,,,,Matches
444,Lee Jae-sung,FW,kr Korea Republic,33,1992,1.3,,,,,,,,,,,,,,,,,Matches
445,Alireza Jahanbakhsh,"FW,MF",ir IR Iran,32,1993,0.5,,,,,,,,,,,,,,,,,Matches
446,Ismail Jakobs,DF,sn Senegal,26,1999,2.4,,,,,,,,,,,,,,,,,Matches
447,Reece James,DF,eng England,26,1999,3.5,,,,,,,,,,,,,,,,,Matches
448,Amer Jamous,MF,jo Jordan,23,2002,0.2,,,,,,,,,,,,,,,,,Matches
449,Luca Jaquez,DF,ch Switzerland,23,2003,0.9,,,,,,,,,,,,,,,,,Matches
450,Ardon Jashari,MF,ch Switzerland,23,2002,0.8,,,,,,,,,,,,,,,,,Matches
451,Ali Jasim,MF,iq Iraq,22,2004,1.4,,,,,,,,,,,,,,,,,Matches
452,Danley Jean-Jacques,MF,ht Haiti,26,2000,2.9,,,,,,,,,,,,,,,,,Matches
453,Eom Ji-sung,MF,kr Korea Republic,24,2002,0.5,,,,,,,,,,,,,,,,,Matches
454,Raúl Jiménez,FW,mx Mexico,35,1991,3.5,,,,,,,,,,,,,,,,,Matches
455,Kim Jin-gyu,MF,kr Korea Republic,29,1997,0.6,,,,,,,,,,,,,,,,,Matches
456,Park Jinseob,"DF,MF",kr Korea Republic,30,1995,0.4,,,,,,,,,,,,,,,,,Matches
457,Ruslanbek Jiyanov,FW,uz Uzbekistan,25,2001,0.0,,,,,,,,,,,,,,,,,Matches
458,Alistair Johnston,DF,ca Canada,27,1998,5.0,,,,,,,,,,,,,,,,,Matches
459,Frenkie de Jong,MF,nl Netherlands,29,1997,3.6,,,,,,,,,,,,,,,,,Matches
460,Lenny Joseph,FW,ht Haiti,25,2000,1.3,,,,,,,,,,,,,,,,,Matches
461,Edmilson Junior,"MF,FW",qa Qatar,31,1994,2.3,,,,,,,,,,,,,,,,,Matches
462,Vinicius Júnior,FW,br Brazil,25,2000,4.9,,,,,,,,,,,,,,,,,Matches
463,Elijah Just,MF,nz New Zealand,26,2000,2.9,,,,,,,,,,,,,,,,,Matches
464,Musab Al Juwayr,"MF,FW",sa Saudi Arabia,22,2003,1.7,,,,,,,,,,,,,,,,,Matches
465,Ayoub El Kaabi,FW,ma Morocco,32,1993,0.8,,,,,,,,,,,,,,,,,Matches
466,Ozan Kabak,DF,tr Türkiye,26,2000,1.0,,,,,,,,,,,,,,,,,Matches
467,Ferdi Kadioglu,DF,tr Türkiye,26,1999,1.8,,,,,,,,,,,,,,,,,Matches
468,Kaku,MF,py Paraguay,31,1995,0.1,,,,,,,,,,,,,,,,,Matches
469,Saša Kalajdžić,FW,at Austria,28,1997,0.9,,,,,,,,,,,,,,,,,Matches
470,Gédéon Kalulu,DF,cd Congo DR,28,1997,0.1,,,,,,,,,,,,,,,,,Matches
471,Daichi Kamada,MF,jp Japan,29,1996,3.7,,,,,,,,,,,,,,,,,Matches
472,Hossein Kanaanizadegan,DF,ir IR Iran,32,1994,1.5,,,,,,,,,,,,,,,,,Matches
473,Harry Kane,FW,eng England,32,1993,7.2,,,,,,,,,,,,,,,,,Matches
474,Lee Kang-in,FW,kr Korea Republic,25,2001,3.0,,,,,,,,,,,,,,,,,Matches
475,Mohamed Kanno,MF,sa Saudi Arabia,31,1994,2.5,,,,,,,,,,,,,,,,,Matches
476,Steve Kapuadi,DF,cd Congo DR,28,1998,2.0,,,,,,,,,,,,,,,,,Matches
477,Bekhruz Karimov,DF,uz Uzbekistan,18,2007,2.0,,,,,,,,,,,,,,,,,Matches
478,Jesper Karlström,MF,se Sweden,30,1995,1.5,,,,,,,,,,,,,,,,,Matches
479,Gervane Kastaneer,"FW,MF",cw Curaçao,30,1996,0.3,,,,,,,,,,,,,,,,,Matches
480,Nikola Katić,DF,ba Bosnia–Herz,29,1996,3.5,,,,,,,,,,,,,,,,,Matches
481,Edo Kayembe,MF,cd Congo DR,28,1998,1.8,,,,,,,,,,,,,,,,,Matches
482,Joris Kayembe,"DF,FW",cd Congo DR,31,1994,0.5,,,,,,,,,,,,,,,,,Matches
483,Franck Kessié,MF,ci Côte d'Ivoire,29,1996,3.8,,,,,,,,,,,,,,,,,Matches
484,Abdullah Al-Khaibari,MF,sa Saudi Arabia,29,1996,2.0,,,,,,,,,,,,,,,,,Matches
485,Shoja' Khalilzadeh,DF,ir IR Iran,37,1989,3.0,,,,,,,,,,,,,,,,,Matches
486,Dostonbek Khamdamov,MF,uz Uzbekistan,29,1996,1.1,,,,,,,,,,,,,,,,,Matches
487,Bilal El Khannouss,"MF,FW",ma Morocco,22,2004,5.1,,,,,,,,,,,,,,,,,Matches
488,Rani Khedira,MF,tn Tunisia,32,1994,1.7,,,,,,,,,,,,,,,,,Matches
489,Boualem Khoukhi,DF,qa Qatar,35,1990,3.0,,,,,,,,,,,,,,,,,Matches
490,Abdukodir Khusanov,DF,uz Uzbekistan,22,2004,3.0,,,,,,,,,,,,,,,,,Matches
491,Joshua Kimmich,DF,de Germany,31,1995,3.9,,,,,,,,,,,,,,,,,Matches
492,Justin Kluivert,"FW,MF",nl Netherlands,27,1999,0.3,,,,,,,,,,,,,,,,,Matches
493,Gregor Kobel,GK,ch Switzerland,28,1997,6.7,,,,,,,,,,,,,,,,,Matches
494,Orkun Kökçü,MF,tr Türkiye,25,2000,1.7,,,,,,,,,,,,,,,,,Matches
495,Sead Kolašinac,DF,ba Bosnia–Herz,32,1993,3.7,,,,,,,,,,,,,,,,,Matches
496,Ghislain Konan,DF,ci Côte d'Ivoire,30,1995,3.0,,,,,,,,,,,,,,,,,Matches
497,Ibrahima Konaté,DF,fr France,27,1999,0.7,,,,,,,,,,,,,,,,,Matches
498,Ismaël Koné,MF,ca Canada,23,2002,1.6,,,,,,,,,,,,,,,,,Matches
499,Manu Koné,MF,fr France,25,2001,4.3,,,,,,,,,,,,,,,,,Matches
500,Ezri Konsa,DF,eng England,28,1997,7.2,,,,,,,,,,,,,,,,,Matches
501,Teun Koopmeiners,"DF,MF",nl Netherlands,28,1998,1.4,,,,,,,,,,,,,,,,,Matches
502,Odilon Kossounou,DF,ci Côte d'Ivoire,25,2001,3.0,,,,,,,,,,,,,,,,,Matches
503,Kalidou Koulibaly,DF,sn Senegal,34,1991,1.8,,,,,,,,,,,,,,,,,Matches
504,Jules Koundé,DF,fr France,27,1998,6.7,,,,,,,,,,,,,,,,,Matches
505,Mateo Kovačić,MF,hr Croatia,32,1994,3.0,,,,,,,,,,,,,,,,,Matches
506,Matej Kovar,GK,cz Czechia,26,2000,3.0,,,,,,,,,,,,,,,,,Matches
507,Andrej Kramarić,"FW,MF",hr Croatia,34,1991,0.7,,,,,,,,,,,,,,,,,Matches
508,Ladislav Krejčí,DF,cz Czechia,27,1999,3.0,,,,,,,,,,,,,,,,,Matches
509,Takefusa Kubo,MF,jp Japan,25,2001,0.8,,,,,,,,,,,,,,,,,Matches
510,Brandley Kuwas,"FW,MF",cw Curaçao,33,1992,0.0,,,,,,,,,,,,,,,,,Matches
511,Prince Kwabena Adu,FW,gh Ghana,22,2003,0.4,,,,,,,,,,,,,,,,,Matches
512,Maxence Lacroix,DF,fr France,26,2000,2.7,,,,,,,,,,,,,,,,,Matches
513,Gustaf Lagerbielke,DF,se Sweden,26,2000,4.0,,,,,,,,,,,,,,,,,Matches
514,Konrad Laimer,"MF,DF",at Austria,29,1997,4.0,,,,,,,,,,,,,,,,,Matches
515,Ali Lajami,DF,sa Saudi Arabia,30,1996,1.7,,,,,,,,,,,,,,,,,Matches
516,Senne Lammens,GK,be Belgium,23,2002,0.2,,,,,,,,,,,,,,,,,Matches
517,Noa Lang,"FW,MF",nl Netherlands,26,1999,0.1,,,,,,,,,,,,,,,,,Matches
518,Sondre Langås,DF,no Norway,25,2001,0.3,,,,,,,,,,,,,,,,,Matches
519,Aymeric Laporte,DF,es Spain,32,1994,8.1,,,,,,,,,,,,,,,,,Matches
520,Cyle Larin,FW,ca Canada,31,1995,2.1,,,,,,,,,,,,,,,,,Matches
521,Richie Laryea,DF,ca Canada,31,1995,4.8,,,,,,,,,,,,,,,,,Matches
522,Mohanad Lasheen,MF,eg Egypt,30,1996,4.0,,,,,,,,,,,,,,,,,Matches
523,Issa Laye,"MF,DF",qa Qatar,28,1997,3.0,,,,,,,,,,,,,,,,,Matches
524,Rafael Leão,MF,pt Portugal,27,1999,1.8,,,,,,,,,,,,,,,,,Matches
525,Mathew Leckie,MF,au Australia,35,1991,0.7,,,,,,,,,,,,,,,,,Matches
526,Jefferson Lerma,MF,co Colombia,31,1994,4.6,,,,,,,,,,,,,,,,,Matches
527,Jamie Leweling,"FW,MF",de Germany,25,2001,0.3,,,,,,,,,,,,,,,,,Matches
528,Philipp Lienhart,DF,at Austria,29,1996,2.0,,,,,,,,,,,,,,,,,Matches
529,Victor Lindelöf,"DF,MF",se Sweden,31,1994,4.0,,,,,,,,,,,,,,,,,Matches
530,Erik Lira,MF,mx Mexico,26,2000,3.8,,,,,,,,,,,,,,,,,Matches
531,Dominik Livaković,GK,hr Croatia,31,1995,4.0,,,,,,,,,,,,,,,,,Matches
532,Dailon Livramento,FW,cv Cabo Verde,25,2001,1.9,,,,,,,,,,,,,,,,,Matches
533,Marcos Llorente,DF,es Spain,31,1995,2.1,,,,,,,,,,,,,,,,,Matches
534,Giovani Lo Celso,MF,ar Argentina,30,1996,0.7,,,,,,,,,,,,,,,,,Matches
535,Jürgen Locadia,FW,cw Curaçao,32,1993,2.6,,,,,,,,,,,,,,,,,Matches
536,Azarías Londoño,MF,pa Panama,24,2001,0.6,,,,,,,,,,,,,,,,,Matches
537,Sidny Lopes Cabral,DF,cv Cabo Verde,23,2002,3.2,,,,,,,,,,,,,,,,,Matches
538,Flaco López,FW,ar Argentina,25,2000,0.2,,,,,,,,,,,,,,,,,Matches
539,Derrick Luckassen,DF,gh Ghana,30,1995,2.0,,,,,,,,,,,,,,,,,Matches
540,Jhon Lucumí,DF,co Colombia,27,1998,5.3,,,,,,,,,,,,,,,,,Matches
541,José Luis Rodríguez,"MF,FW",pa Panama,27,1998,2.6,,,,,,,,,,,,,,,,,Matches
542,Romelu Lukaku,FW,be Belgium,33,1993,2.6,,,,,,,,,,,,,,,,,Matches
543,Dodi Lukebakio,MF,be Belgium,28,1997,1.8,,,,,,,,,,,,,,,,,Matches
544,Jovo Lukić,FW,ba Bosnia–Herz,27,1998,0.7,,,,,,,,,,,,,,,,,Matches
545,Awer Mabil,"FW,MF",au Australia,30,1995,0.3,,,,,,,,,,,,,,,,,Matches
546,Alexis Mac Allister,MF,ar Argentina,27,1998,8.3,,,,,,,,,,,,,,,,,Matches
547,Deiver Machado,DF,co Colombia,32,1993,1.0,,,,,,,,,,,,,,,,,Matches
548,Shuto Machino,FW,jp Japan,26,1999,0.1,,,,,,,,,,,,,,,,,Matches
549,Assim Madibo,MF,qa Qatar,29,1996,1.5,,,,,,,,,,,,,,,,,Matches
550,Noni Madueke,MF,eng England,24,2002,3.2,,,,,,,,,,,,,,,,,Matches
551,Daizen Maeda,MF,jp Japan,28,1997,2.7,,,,,,,,,,,,,,,,,Matches
552,Gabriel Magalhães,DF,br Brazil,28,1997,5.0,,,,,,,,,,,,,,,,,Matches
553,Ermin Mahmić,MF,ba Bosnia–Herz,21,2005,0.8,,,,,,,,,,,,,,,,,Matches
554,Hadj Mahmoud,MF,tn Tunisia,26,2000,0.5,,,,,,,,,,,,,,,,,Matches
555,Riyad Mahrez,MF,dz Algeria,35,1991,2.9,,,,,,,,,,,,,,,,,Matches
556,Alexandro Maidana,DF,py Paraguay,20,2005,0.6,,,,,,,,,,,,,,,,,Matches
557,Mike Maignan,GK,fr France,30,1995,8.0,,,,,,,,,,,,,,,,,Matches
558,Evidence Makgopa,FW,za South Africa,26,2000,2.4,,,,,,,,,,,,,,,,,Matches
559,Ahmed Maknzi,DF,iq Iraq,24,2001,0.4,,,,,,,,,,,,,,,,,Matches
560,Donyell Malen,FW,nl Netherlands,27,1999,2.1,,,,,,,,,,,,,,,,,Matches
561,Arjan Malic,DF,ba Bosnia–Herz,20,2005,0.5,,,,,,,,,,,,,,,,,Matches
562,Mohamed Manai,DF,qa Qatar,23,2002,0.8,,,,,,,,,,,,,,,,,Matches
563,Aïssa Mandi,DF,dz Algeria,34,1991,4.0,,,,,,,,,,,,,,,,,Matches
564,Sadio Mané,"MF,FW",sn Senegal,34,1992,4.0,,,,,,,,,,,,,,,,,Matches
565,Juan Manuel Sanabria,DF,uy Uruguay,26,2000,2.3,,,,,,,,,,,,,,,,,Matches
566,Johan Manzambi,"MF,FW",ch Switzerland,20,2005,2.2,,,,,,,,,,,,,,,,,Matches
567,Mahmoud Al-Mardi,MF,jo Jordan,32,1993,1.4,,,,,,,,,,,,,,,,,Matches
568,Jearl Margaritha,"FW,MF",cw Curaçao,26,2000,0.5,,,,,,,,,,,,,,,,,Matches
569,Omar Marmoush,"FW,MF",eg Egypt,27,1999,3.6,,,,,,,,,,,,,,,,,Matches
570,Marquinhos,DF,br Brazil,32,1994,5.0,,,,,,,,,,,,,,,,,Matches
571,Gabriel Martinelli,MF,br Brazil,24,2001,1.6,,,,,,,,,,,,,,,,,Matches
572,Guillermo Martínez Ayala,FW,mx Mexico,31,1995,0.8,,,,,,,,,,,,,,,,,Matches
573,Cristian Martínez,"MF,FW",pa Panama,29,1997,2.7,,,,,,,,,,,,,,,,,Matches
574,Emiliano Martínez,GK,ar Argentina,33,1992,9.0,,,,,,,,,,,,,,,,,Matches
575,Lautaro Martínez,FW,ar Argentina,28,1997,3.4,,,,,,,,,,,,,,,,,Matches
576,Lisandro Martínez,DF,ar Argentina,28,1998,6.9,,,,,,,,,,,,,,,,,Matches
577,Thapelo Maseko,"MF,FW",za South Africa,22,2003,2.7,,,,,,,,,,,,,,,,,Matches
578,Hazem Mastouri,FW,tn Tunisia,28,1997,1.0,,,,,,,,,,,,,,,,,Matches
579,Arthur Masuaku,DF,cd Congo DR,32,1993,3.5,,,,,,,,,,,,,,,,,Matches
580,Igor Matanović,FW,hr Croatia,23,2003,1.1,,,,,,,,,,,,,,,,,Matches
581,Pape Matar Sarr,MF,sn Senegal,23,2002,0.7,,,,,,,,,,,,,,,,,Matches
582,Jean-Philippe Mateta,FW,fr France,28,1997,0.3,,,,,,,,,,,,,,,,,Matches
583,Mauricio,MF,py Paraguay,25,2001,1.9,,,,,,,,,,,,,,,,,Matches
584,Fiston Mayele,FW,cd Congo DR,31,1994,0.5,,,,,,,,,,,,,,,,,Matches
585,Ibrahim Maza,"MF,FW",dz Algeria,20,2005,3.9,,,,,,,,,,,,,,,,,Matches
586,Noussair Mazraoui,DF,ma Morocco,28,1997,5.3,,,,,,,,,,,,,,,,,Matches
587,Kylian Mbappé,FW,fr France,27,1998,7.7,,,,,,,,,,,,,,,,,Matches
588,Thalente Mbatha,MF,za South Africa,26,2000,2.9,,,,,,,,,,,,,,,,,Matches
589,Ibrahim Mbaye,MF,sn Senegal,18,2008,1.7,,,,,,,,,,,,,,,,,Matches
590,Chancel Mbemba,DF,cd Congo DR,31,1994,4.0,,,,,,,,,,,,,,,,,Matches
591,Mbekezeli Mbokazi,DF,za South Africa,20,2005,4.0,,,,,,,,,,,,,,,,,Matches
592,Nathanaël Mbuku,"MF,FW",cd Congo DR,24,2002,1.6,,,,,,,,,,,,,,,,,Matches
593,Callum McCowatt,MF,nz New Zealand,27,1999,1.8,,,,,,,,,,,,,,,,,Matches
594,John McGinn,MF,sct Scotland,31,1994,2.9,,,,,,,,,,,,,,,,,Matches
595,Scott McKenna,DF,sct Scotland,29,1996,1.0,,,,,,,,,,,,,,,,,Matches
596,Weston McKennie,MF,us USA,27,1998,4.9,,,,,,,,,,,,,,,,,Matches
597,Mark McKenzie,DF,us USA,27,1999,1.0,,,,,,,,,,,,,,,,,Matches
598,Kenny McLean,MF,sct Scotland,34,1992,1.3,,,,,,,,,,,,,,,,,Matches
599,Scott McTominay,MF,sct Scotland,29,1996,3.0,,,,,,,,,,,,,,,,,Matches
600,Brandon Mechele,DF,be Belgium,33,1993,6.3,,,,,,,,,,,,,,,,,Matches
601,Facundo Medina,DF,ar Argentina,27,1999,3.4,,,,,,,,,,,,,,,,,Matches
602,Yaimar Medina,"DF,MF",ec Ecuador,21,2004,0.5,,,,,,,,,,,,,,,,,Matches
603,Hannibal Mejbri,MF,tn Tunisia,23,2003,3.0,,,,,,,,,,,,,,,,,Matches
604,Amar Memić,MF,ba Bosnia–Herz,25,2001,2.5,,,,,,,,,,,,,,,,,Matches
605,Memphis,"FW,MF",nl Netherlands,32,1994,0.6,,,,,,,,,,,,,,,,,Matches
606,Sultan Mendash,MF,sa Saudi Arabia,31,1994,0.7,,,,,,,,,,,,,,,,,Matches
607,Lucas Mendes,DF,qa Qatar,35,1990,0.0,,,,,,,,,,,,,,,,,Matches
608,Nuno Mendes,DF,pt Portugal,23,2002,4.4,,,,,,,,,,,,,,,,,Matches
609,Ryan Mendes,"FW,MF",cv Cabo Verde,36,1990,3.7,,,,,,,,,,,,,,,,,Matches
610,Édouard Mendy,GK,sn Senegal,34,1992,1.7,,,,,,,,,,,,,,,,,Matches
611,Gideon Mensah,DF,gh Ghana,27,1998,4.0,,,,,,,,,,,,,,,,,Matches
612,Mikel Merino,MF,es Spain,29,1996,2.2,,,,,,,,,,,,,,,,,Matches
613,Lionel Messi,FW,ar Argentina,38,1987,8.2,,,,,,,,,,,,,,,,,Matches
614,Connor Metcalfe,MF,au Australia,26,1999,3.5,,,,,,,,,,,,,,,,,Matches
615,Thomas Meunier,DF,be Belgium,34,1991,2.1,,,,,,,,,,,,,,,,,Matches
616,Liam Millar,MF,ca Canada,26,1999,1.8,,,,,,,,,,,,,,,,,Matches
617,Kim Min-jae,DF,kr Korea Republic,29,1996,2.7,,,,,,,,,,,,,,,,,Matches
618,Yerry Mina,DF,co Colombia,31,1994,0.0,,,,,,,,,,,,,,,,,Matches
619,Alan Minda,MF,ec Ecuador,23,2003,0.6,,,,,,,,,,,,,,,,,Matches
620,Aubrey Modiba,DF,za South Africa,30,1995,3.8,,,,,,,,,,,,,,,,,Matches
621,Luka Modrić,MF,hr Croatia,40,1985,3.5,,,,,,,,,,,,,,,,,Matches
622,Relebohile Mofokeng,MF,za South Africa,21,2004,1.9,,,,,,,,,,,,,,,,,Matches
623,Shahriar Moghanlou,FW,ir IR Iran,31,1994,1.0,,,,,,,,,,,,,,,,,Matches
624,Milad Mohammadi,DF,ir IR Iran,32,1993,2.3,,,,,,,,,,,,,,,,,Matches
625,Mohammad Mohebi,MF,ir IR Iran,27,1998,2.7,,,,,,,,,,,,,,,,,Matches
626,Johan Mojica,DF,co Colombia,33,1992,4.3,,,,,,,,,,,,,,,,,Matches
627,Teboho Mokoena,MF,za South Africa,29,1997,3.0,,,,,,,,,,,,,,,,,Matches
628,Nahuel Molina,DF,ar Argentina,28,1998,5.9,,,,,,,,,,,,,,,,,Matches
629,Jamiro Monteiro,MF,cv Cabo Verde,32,1993,3.1,,,,,,,,,,,,,,,,,Matches
630,César Montes,DF,mx Mexico,29,1997,3.5,,,,,,,,,,,,,,,,,Matches
631,Gonzalo Montiel,DF,ar Argentina,29,1997,2.1,,,,,,,,,,,,,,,,,Matches
632,Kim Moon-hwan,MF,kr Korea Republic,30,1995,0.8,,,,,,,,,,,,,,,,,Matches
633,Gilberto Mora,MF,mx Mexico,17,2008,2.4,,,,,,,,,,,,,,,,,Matches
634,Diego Moreira,MF,be Belgium,21,2004,0.6,,,,,,,,,,,,,,,,,Matches
635,Steven Moreira,DF,cv Cabo Verde,31,1994,3.3,,,,,,,,,,,,,,,,,Matches
636,Tshepang Moremi,MF,za South Africa,25,2000,0.4,,,,,,,,,,,,,,,,,Matches
637,Orlando Mosquera,GK,pa Panama,31,1994,3.0,,,,,,,,,,,,,,,,,Matches
638,Samir El Mourabet,MF,ma Morocco,20,2005,0.9,,,,,,,,,,,,,,,,,Matches
639,Samuel Moutoussamy,MF,cd Congo DR,29,1996,3.7,,,,,,,,,,,,,,,,,Matches
640,Akmal Mozgovoy,MF,uz Uzbekistan,27,1999,2.4,,,,,,,,,,,,,,,,,Matches
641,Lionel Mpasi,GK,cd Congo DR,31,1994,4.0,,,,,,,,,,,,,,,,,Matches
642,Khuliso Mudau,DF,za South Africa,31,1995,4.0,,,,,,,,,,,,,,,,,Matches
643,Tarik Muharemovic,DF,ba Bosnia–Herz,23,2003,2.9,,,,,,,,,,,,,,,,,Matches
644,Miro Muheim,"DF,MF",ch Switzerland,28,1998,1.0,,,,,,,,,,,,,,,,,Matches
645,Ngal'Ayel Mukau,MF,cd Congo DR,21,2004,2.2,,,,,,,,,,,,,,,,,Matches
646,Mert Müldür,DF,tr Türkiye,27,1999,1.1,,,,,,,,,,,,,,,,,Matches
647,Daniel Muñoz,DF,co Colombia,30,1996,4.4,,,,,,,,,,,,,,,,,Matches
648,Petar Musa,FW,hr Croatia,28,1998,1.2,,,,,,,,,,,,,,,,,Matches
649,Jamal Musiala,MF,de Germany,23,2003,3.0,,,,,,,,,,,,,,,,,Matches
650,Fernando Muslera,GK,uy Uruguay,39,1986,2.5,,,,,,,,,,,,,,,,,Matches
651,Phillipp Mwene,DF,at Austria,32,1994,1.6,,,,,,,,,,,,,,,,,Matches
652,David Møller Wolfe,DF,no Norway,24,2002,4.8,,,,,,,,,,,,,,,,,Matches
653,Yūto Nagatomo,"DF,MF",jp Japan,39,1986,0.2,,,,,,,,,,,,,,,,,Matches
654,Keito Nakamura,MF,jp Japan,25,2000,3.4,,,,,,,,,,,,,,,,,Matches
655,Abdallah Nasib,DF,jo Jordan,32,1994,2.9,,,,,,,,,,,,,,,,,Matches
656,Sherzod Nasrullaev,"DF,MF",uz Uzbekistan,27,1998,2.0,,,,,,,,,,,,,,,,,Matches
657,Duckens Nazon,"FW,MF",ht Haiti,32,1994,0.3,,,,,,,,,,,,,,,,,Matches
658,Iliman Ndiaye,FW,sn Senegal,26,2000,1.3,,,,,,,,,,,,,,,,,Matches
659,Dan Ndoye,"MF,FW",ch Switzerland,25,2000,4.5,,,,,,,,,,,,,,,,,Matches
660,Jayden Nelson,"FW,MF",ca Canada,23,2002,0.0,,,,,,,,,,,,,,,,,Matches
661,Ali Nemati,DF,ir IR Iran,30,1996,3.0,,,,,,,,,,,,,,,,,Matches
662,Abduvohid Nematov,GK,uz Uzbekistan,25,2001,2.0,,,,,,,,,,,,,,,,,Matches
663,Pedro Neto,MF,pt Portugal,26,2000,3.9,,,,,,,,,,,,,,,,,Matches
664,Manuel Neuer,GK,de Germany,40,1986,4.3,,,,,,,,,,,,,,,,,Matches
665,João Neves,MF,pt Portugal,21,2004,4.3,,,,,,,,,,,,,,,,,Matches
666,Rúben Neves,MF,pt Portugal,29,1997,0.6,,,,,,,,,,,,,,,,,Matches
667,Neymar,"FW,MF",br Brazil,34,1992,0.4,,,,,,,,,,,,,,,,,Matches
668,Nathan Ngoy,DF,be Belgium,23,2003,3.7,,,,,,,,,,,,,,,,,Matches
669,Moussa Niakhaté,DF,sn Senegal,30,1996,4.3,,,,,,,,,,,,,,,,,Matches
670,Gustaf Nilsson,FW,se Sweden,29,1997,0.0,,,,,,,,,,,,,,,,,Matches
671,Felix Nmecha,MF,de Germany,25,2000,3.0,,,,,,,,,,,,,,,,,Matches
672,Kristoffer Nordfeldt,GK,se Sweden,36,1989,2.0,,,,,,,,,,,,,,,,,Matches
673,Tyrese Noslin,MF,cw Curaçao,23,2002,0.2,,,,,,,,,,,,,,,,,Matches
674,Ernest Nuamah,MF,gh Ghana,22,2003,1.0,,,,,,,,,,,,,,,,,Matches
675,Matheus Nunes,"DF,MF",pt Portugal,27,1998,0.0,,,,,,,,,,,,,,,,,Matches
676,Darwin Núñez,FW,uy Uruguay,26,1999,1.7,,,,,,,,,,,,,,,,,Matches
677,Antonio Nusa,FW,no Norway,21,2005,3.5,,,,,,,,,,,,,,,,,Matches
678,Benjamin Nygren,MF,se Sweden,24,2001,1.4,,,,,,,,,,,,,,,,,Matches
679,Ørjan Nyland,GK,no Norway,35,1990,5.3,,,,,,,,,,,,,,,,,Matches
680,Aiden O'Neill,MF,au Australia,27,1998,4.0,,,,,,,,,,,,,,,,,Matches
681,Nico O'Reilly,DF,eng England,21,2005,5.1,,,,,,,,,,,,,,,,,Matches
682,Salim Obaid,DF,jo Jordan,34,1992,0.2,,,,,,,,,,,,,,,,,Matches
683,Armando Obispo,DF,cw Curaçao,27,1999,3.0,,,,,,,,,,,,,,,,,Matches
684,Guillermo Ochoa,GK,mx Mexico,40,1985,0.1,,,,,,,,,,,,,,,,,Matches
685,Kōki Ogawa,FW,jp Japan,28,1997,0.5,,,,,,,,,,,,,,,,,Matches
686,Braian Ojeda,MF,py Paraguay,25,2000,0.2,,,,,,,,,,,,,,,,,Matches
687,Noah Okafor,"FW,MF",ch Switzerland,26,2000,0.2,,,,,,,,,,,,,,,,,Matches
688,Ime Okon,DF,za South Africa,22,2004,4.0,,,,,,,,,,,,,,,,,Matches
689,Paul Okon-Engstler,MF,au Australia,21,2005,2.2,,,,,,,,,,,,,,,,,Matches
690,Ben Old,MF,nz New Zealand,23,2002,1.0,,,,,,,,,,,,,,,,,Matches
691,Michael Olise,MF,fr France,24,2001,7.2,,,,,,,,,,,,,,,,,Matches
692,Mathías Olivera,DF,uy Uruguay,28,1997,3.0,,,,,,,,,,,,,,,,,Matches
693,Dani Olmo,MF,es Spain,28,1998,5.5,,,,,,,,,,,,,,,,,Matches
694,Tani Oluwaseyi,FW,ca Canada,26,2000,2.9,,,,,,,,,,,,,,,,,Matches
695,Ali Olwan,MF,jo Jordan,26,2000,3.0,,,,,,,,,,,,,,,,,Matches
696,Amadou Onana,MF,be Belgium,24,2001,1.2,,,,,,,,,,,,,,,,,Matches
697,Christopher Opéri,DF,ci Côte d'Ivoire,29,1997,1.0,,,,,,,,,,,,,,,,,Matches
698,Jerome Opoku,DF,gh Ghana,27,1998,3.0,,,,,,,,,,,,,,,,,Matches
699,Joel Ordóñez,DF,ec Ecuador,22,2004,2.5,,,,,,,,,,,,,,,,,Matches
700,Jonathan Osorio,MF,ca Canada,34,1992,0.1,,,,,,,,,,,,,,,,,Matches
701,Nicolás Otamendi,DF,ar Argentina,38,1988,2.7,,,,,,,,,,,,,,,,,Matches
702,Zakaria El Ouahdi,"DF,MF",ma Morocco,24,2001,0.2,,,,,,,,,,,,,,,,,Matches
703,Ayoub Al-Oui,DF,qa Qatar,21,2005,1.7,,,,,,,,,,,,,,,,,Matches
704,Azzedine Ounahi,MF,ma Morocco,26,2000,4.8,,,,,,,,,,,,,,,,,Matches
705,Mohammed Al-Owais,GK,sa Saudi Arabia,34,1991,3.0,,,,,,,,,,,,,,,,,Matches
706,Elisha Owusu,MF,gh Ghana,28,1997,1.7,,,,,,,,,,,,,,,,,Matches
707,Mikel Oyarzabal,FW,es Spain,29,1997,6.7,,,,,,,,,,,,,,,,,Matches
708,Salih Özcan,MF,tr Türkiye,28,1998,1.1,,,,,,,,,,,,,,,,,Matches
709,Willian Pacho,DF,ec Ecuador,24,2001,4.0,,,,,,,,,,,,,,,,,Matches
710,Kendry Páez,MF,ec Ecuador,19,2007,0.1,,,,,,,,,,,,,,,,,Matches
711,Exequiel Palacios,DF,ar Argentina,27,1998,1.0,,,,,,,,,,,,,,,,,Matches
712,Lucas Paquetá,MF,br Brazil,28,1997,2.6,,,,,,,,,,,,,,,,,Matches
713,Leandro Paredes,MF,ar Argentina,31,1994,5.3,,,,,,,,,,,,,,,,,Matches
714,Thomas Partey,MF,gh Ghana,33,1993,3.0,,,,,,,,,,,,,,,,,Matches
715,Marco Pašalić,MF,hr Croatia,25,2000,1.1,,,,,,,,,,,,,,,,,Matches
716,Mario Pašalić,MF,hr Croatia,31,1995,1.4,,,,,,,,,,,,,,,,,Matches
717,Nathan Patterson,DF,sct Scotland,24,2001,2.1,,,,,,,,,,,,,,,,,Matches
718,João Paulo Fernandes,DF,cv Cabo Verde,28,1998,1.2,,,,,,,,,,,,,,,,,Matches
719,Aleksandar Pavlovic,MF,de Germany,22,2004,3.0,,,,,,,,,,,,,,,,,Matches
720,Tim Payne,DF,nz New Zealand,32,1994,2.5,,,,,,,,,,,,,,,,,Matches
721,Nicolás Paz,MF,ar Argentina,21,2004,0.8,,,,,,,,,,,,,,,,,Matches
722,Marcus Pedersen,DF,no Norway,25,2000,2.6,,,,,,,,,,,,,,,,,Matches
723,Pedri,MF,es Spain,23,2002,5.5,,,,,,,,,,,,,,,,,Matches
724,Nicolas Pépé,FW,ci Côte d'Ivoire,31,1995,2.6,,,,,,,,,,,,,,,,,Matches
725,Ricardo Pepi,FW,us USA,23,2003,2.3,,,,,,,,,,,,,,,,,Matches
726,Kojo Peprah Oppong,DF,gh Ghana,22,2004,0.5,,,,,,,,,,,,,,,,,Matches
727,Ivan Perišić,"MF,DF",hr Croatia,37,1989,4.0,,,,,,,,,,,,,,,,,Matches
728,Jens Petter Hauge,"DF,FW",no Norway,26,1999,0.1,,,,,,,,,,,,,,,,,Matches
729,Charles Pickel,"DF,MF",cd Congo DR,29,1997,0.4,,,,,,,,,,,,,,,,,Matches
730,Jordan Pickford,GK,eng England,32,1994,7.3,,,,,,,,,,,,,,,,,Matches
731,Pico,DF,cv Cabo Verde,33,1992,4.3,,,,,,,,,,,,,,,,,Matches
732,Frantzdy Pierrot,FW,ht Haiti,31,1995,1.6,,,,,,,,,,,,,,,,,Matches
733,Kevin Pina,MF,cv Cabo Verde,29,1997,3.9,,,,,,,,,,,,,,,,,Matches
734,Wagner Pina,DF,cv Cabo Verde,23,2002,1.0,,,,,,,,,,,,,,,,,Matches
735,Orbelín Pineda,"FW,MF",mx Mexico,30,1996,0.3,,,,,,,,,,,,,,,,,Matches
736,Yéremy Pino,"FW,MF",es Spain,23,2002,0.8,,,,,,,,,,,,,,,,,Matches
737,Isidro Pitta,FW,py Paraguay,26,1999,0.5,,,,,,,,,,,,,,,,,Matches
738,Johny Placide,GK,ht Haiti,38,1988,3.0,,,,,,,,,,,,,,,,,Matches
739,Gonzalo Plata,FW,ec Ecuador,25,2000,4.0,,,,,,,,,,,,,,,,,Matches
740,Marin Pongračić,DF,hr Croatia,28,1997,3.0,,,,,,,,,,,,,,,,,Matches
741,Jackson Porozo,DF,ec Ecuador,25,2000,0.3,,,,,,,,,,,,,,,,,Matches
742,Pedro Porro,DF,es Spain,26,1999,6.3,,,,,,,,,,,,,,,,,Matches
743,Stefan Posch,DF,at Austria,29,1997,3.7,,,,,,,,,,,,,,,,,Matches
744,Alexander Prass,"DF,MF",at Austria,25,2001,0.3,,,,,,,,,,,,,,,,,Matches
745,Ángelo Preciado,"DF,MF",ec Ecuador,28,1998,1.2,,,,,,,,,,,,,,,,,Matches
746,Ruben Providence,MF,ht Haiti,24,2001,2.4,,,,,,,,,,,,,,,,,Matches
747,Lukáš Provod,FW,cz Czechia,29,1996,1.4,,,,,,,,,,,,,,,,,Matches
748,Marc Pubill,DF,es Spain,22,2003,0.0,,,,,,,,,,,,,,,,,Matches
749,Gustavo Puerta,MF,co Colombia,22,2003,5.2,,,,,,,,,,,,,,,,,Matches
750,Christian Pulisic,MF,us USA,27,1998,2.5,,,,,,,,,,,,,,,,,Matches
751,Ahmed Qasem,"MF,FW",iq Iraq,22,2003,1.4,,,,,,,,,,,,,,,,,Matches
752,Jarell Quansah,DF,eng England,23,2003,2.2,,,,,,,,,,,,,,,,,Matches
753,Julián Quiñones,"FW,MF",mx Mexico,29,1997,4.6,,,,,,,,,,,,,,,,,Matches
754,Alberto Quintero,"FW,MF",pa Panama,38,1987,0.0,,,,,,,,,,,,,,,,,Matches
755,Juan Quintero,"FW,MF",co Colombia,33,1993,1.3,,,,,,,,,,,,,,,,,Matches
756,Ramy Rabia,DF,eg Egypt,33,1993,4.1,,,,,,,,,,,,,,,,,Matches
757,Adrien Rabiot,MF,fr France,31,1995,6.5,,,,,,,,,,,,,,,,,Matches
758,Stjepan Radeljić,DF,ba Bosnia–Herz,28,1997,2.0,,,,,,,,,,,,,,,,,Matches
759,Soufiane Rahimi,FW,ma Morocco,30,1996,1.8,,,,,,,,,,,,,,,,,Matches
760,Abdul Rahman Baba,"DF,MF",gh Ghana,31,1994,0.0,,,,,,,,,,,,,,,,,Matches
761,Anthony Ralston,DF,sct Scotland,27,1998,0.1,,,,,,,,,,,,,,,,,Matches
762,Gonçalo Ramos,FW,pt Portugal,24,2001,0.4,,,,,,,,,,,,,,,,,Matches
763,Jiovany Ramos,DF,pa Panama,29,1997,1.8,,,,,,,,,,,,,,,,,Matches
764,Jesse Randall,MF,nz New Zealand,23,2002,0.7,,,,,,,,,,,,,,,,,Matches
765,Raúl Rangel,GK,mx Mexico,26,2000,4.9,,,,,,,,,,,,,,,,,Matches
766,Raphinha,"MF,FW",br Brazil,29,1996,1.4,,,,,,,,,,,,,,,,,Matches
767,Nizar Al Rashdan,MF,jo Jordan,27,1999,2.8,,,,,,,,,,,,,,,,,Matches
768,Marcus Rashford,MF,eng England,28,1997,2.5,,,,,,,,,,,,,,,,,Matches
769,Nicolas Raskin,MF,be Belgium,25,2001,3.8,,,,,,,,,,,,,,,,,Matches
770,David Raum,DF,de Germany,28,1998,1.2,,,,,,,,,,,,,,,,,Matches
771,Noor Al Rawabdeh,MF,jo Jordan,29,1997,3.0,,,,,,,,,,,,,,,,,Matches
772,Rayan,"FW,MF",br Brazil,19,2006,3.2,,,,,,,,,,,,,,,,,Matches
773,Iqraam Rayners,FW,za South Africa,30,1995,1.8,,,,,,,,,,,,,,,,,Matches
774,Tim Ream,DF,us USA,38,1987,4.0,,,,,,,,,,,,,,,,,Matches
775,Tijjani Reijnders,MF,nl Netherlands,27,1998,2.2,,,,,,,,,,,,,,,,,Matches
776,Omar Rekik,DF,tn Tunisia,24,2001,2.0,,,,,,,,,,,,,,,,,Matches
777,Israel Reyes,DF,mx Mexico,26,2000,2.2,,,,,,,,,,,,,,,,,Matches
778,Gio Reyna,MF,us USA,23,2002,1.5,,,,,,,,,,,,,,,,,Matches
779,Ramin Rezaeian,"DF,MF",ir IR Iran,36,1990,3.0,,,,,,,,,,,,,,,,,Matches
780,Chadi Riad,DF,ma Morocco,22,2003,3.8,,,,,,,,,,,,,,,,,Matches
781,Declan Rice,MF,eng England,27,1999,6.2,,,,,,,,,,,,,,,,,Matches
782,Chris Richards,DF,us USA,26,2000,4.0,,,,,,,,,,,,,,,,,Matches
783,Fabian Rieder,"MF,FW",ch Switzerland,24,2002,3.4,,,,,,,,,,,,,,,,,Matches
784,Richard Ríos,MF,co Colombia,26,2000,1.6,,,,,,,,,,,,,,,,,Matches
785,Ró-Ró,DF,qa Qatar,35,1990,3.0,,,,,,,,,,,,,,,,,Matches
786,Andy Robertson,DF,sct Scotland,32,1994,2.5,,,,,,,,,,,,,,,,,Matches
787,Antonee Robinson,"DF,MF",us USA,28,1997,3.9,,,,,,,,,,,,,,,,,Matches
788,Miles Robinson,DF,us USA,29,1997,1.0,,,,,,,,,,,,,,,,,Matches
789,Sergio Rochet,GK,uy Uruguay,33,1993,0.5,,,,,,,,,,,,,,,,,Matches
790,Rodri,MF,es Spain,29,1996,8.0,,,,,,,,,,,,,,,,,Matches
791,Garry Rodrigues,MF,cv Cabo Verde,35,1990,0.8,,,,,,,,,,,,,,,,,Matches
792,Brian Rodríguez,"FW,MF",uy Uruguay,26,2000,0.5,,,,,,,,,,,,,,,,,Matches
793,James Rodríguez,"FW,MF",co Colombia,34,1991,3.5,,,,,,,,,,,,,,,,,Matches
794,Kevin Rodríguez,FW,ec Ecuador,26,2000,1.3,,,,,,,,,,,,,,,,,Matches
795,Ricardo Rodríguez,DF,ch Switzerland,33,1992,5.7,,,,,,,,,,,,,,,,,Matches
796,Tomás Rodríguez,FW,pa Panama,27,1999,0.5,,,,,,,,,,,,,,,,,Matches
797,Godfried Roemeratoe,MF,cw Curaçao,26,1999,0.1,,,,,,,,,,,,,,,,,Matches
798,Morgan Rogers,MF,eng England,23,2002,3.8,,,,,,,,,,,,,,,,,Matches
799,Cristian Romero,DF,ar Argentina,28,1998,6.8,,,,,,,,,,,,,,,,,Matches
800,Luis Romo,MF,mx Mexico,31,1995,2.9,,,,,,,,,,,,,,,,,Matches
801,Cristiano Ronaldo,FW,pt Portugal,41,1985,4.9,,,,,,,,,,,,,,,,,Matches
802,Eloy Room,GK,cw Curaçao,37,1989,3.0,,,,,,,,,,,,,,,,,Matches
803,Marten de Roon,"DF,MF",nl Netherlands,35,1991,0.1,,,,,,,,,,,,,,,,,Matches
804,Saed Al-Rosan,DF,jo Jordan,29,1997,0.1,,,,,,,,,,,,,,,,,Matches
805,Antonio Rüdiger,DF,de Germany,33,1993,2.9,,,,,,,,,,,,,,,,,Matches
806,Fabián Ruiz Peña,MF,es Spain,30,1996,3.6,,,,,,,,,,,,,,,,,Matches
807,Mathew Ryan,GK,au Australia,34,1992,0.0,,,,,,,,,,,,,,,,,Matches
808,Julian Ryerson,DF,no Norway,28,1997,2.5,,,,,,,,,,,,,,,,,Matches
809,Elias Saad,"MF,FW",tn Tunisia,26,1999,1.3,,,,,,,,,,,,,,,,,Matches
810,Marwane Saâdane,"DF,MF",ma Morocco,34,1992,0.0,,,,,,,,,,,,,,,,,Matches
811,Mustafa Saadoon,DF,iq Iraq,25,2001,0.2,,,,,,,,,,,,,,,,,Matches
812,Mahmoud Saber,MF,eg Egypt,24,2001,0.5,,,,,,,,,,,,,,,,,Matches
813,Marcel Sabitzer,MF,at Austria,32,1994,4.0,,,,,,,,,,,,,,,,,Matches
814,Noah Sadiki,MF,cd Congo DR,21,2004,2.9,,,,,,,,,,,,,,,,,Matches
815,Michal Sadílek,MF,cz Czechia,27,1999,2.0,,,,,,,,,,,,,,,,,Matches
816,Alexis Saelemaekers,MF,be Belgium,26,1999,0.9,,,,,,,,,,,,,,,,,Matches
817,Ismael Saibari,FW,ma Morocco,25,2001,4.2,,,,,,,,,,,,,,,,,Matches
818,Bukayo Saka,MF,eng England,24,2001,4.0,,,,,,,,,,,,,,,,,Matches
819,Mohamed Salah,"FW,MF",eg Egypt,33,1992,4.7,,,,,,,,,,,,,,,,,Matches
820,Anass Salah-Eddine,DF,ma Morocco,24,2002,2.4,,,,,,,,,,,,,,,,,Matches
821,Nathan Saliba,MF,ca Canada,22,2004,2.0,,,,,,,,,,,,,,,,,Matches
822,William Saliba,DF,fr France,25,2001,5.3,,,,,,,,,,,,,,,,,Matches
823,Shurandy Sambo,DF,cw Curaçao,24,2001,0.0,,,,,,,,,,,,,,,,,Matches
824,Antonio Sanabria,FW,py Paraguay,30,1996,0.9,,,,,,,,,,,,,,,,,Matches
825,Davinson Sánchez,DF,co Colombia,30,1996,5.3,,,,,,,,,,,,,,,,,Matches
826,Jorge Sánchez,DF,mx Mexico,28,1997,3.9,,,,,,,,,,,,,,,,,Matches
827,Alex Sandro,"DF,MF",br Brazil,35,1991,0.1,,,,,,,,,,,,,,,,,Matches
828,Leroy Sané,MF,de Germany,30,1996,3.6,,,,,,,,,,,,,,,,,Matches
829,Ibrahim Sangaré,MF,ci Côte d'Ivoire,28,1997,3.0,,,,,,,,,,,,,,,,,Matches
830,Kaishū Sano,MF,jp Japan,25,2000,3.0,,,,,,,,,,,,,,,,,Matches
831,Danilo Santos,MF,br Brazil,25,2001,0.5,,,,,,,,,,,,,,,,,Matches
832,Douglas Santos,DF,br Brazil,32,1994,4.9,,,,,,,,,,,,,,,,,Matches
833,Bara Sapoko Ndiaye,MF,sn Senegal,18,2007,0.3,,,,,,,,,,,,,,,,,Matches
834,Ismaila Sarr,"MF,FW",sn Senegal,28,1998,4.0,,,,,,,,,,,,,,,,,Matches
835,Farrukh Sayfiev,"DF,MF",uz Uzbekistan,35,1991,0.5,,,,,,,,,,,,,,,,,Matches
836,Amine Sbai,"FW,MF",ma Morocco,25,2000,0.1,,,,,,,,,,,,,,,,,Matches
837,Joe Scally,DF,us USA,23,2002,1.0,,,,,,,,,,,,,,,,,Matches
838,Patrik Schick,FW,cz Czechia,30,1996,2.0,,,,,,,,,,,,,,,,,Matches
839,Andreas Schjelderup,FW,no Norway,22,2004,2.8,,,,,,,,,,,,,,,,,Matches
840,Alexander Schlager,GK,at Austria,30,1996,4.0,,,,,,,,,,,,,,,,,Matches
841,Xaver Schlager,MF,at Austria,28,1997,2.6,,,,,,,,,,,,,,,,,Matches
842,Nico Schlotterbeck,DF,de Germany,26,1999,1.5,,,,,,,,,,,,,,,,,Matches
843,Romano Schmid,"MF,FW",at Austria,26,2000,2.9,,,,,,,,,,,,,,,,,Matches
844,Kamogelo Sebelebele,"DF,MF",za South Africa,23,2002,0.1,,,,,,,,,,,,,,,,,Matches
845,Abdoulaye Seck,DF,sn Senegal,34,1992,0.6,,,,,,,,,,,,,,,,,Matches
846,Alidu Seidu,DF,gh Ghana,26,2000,0.9,,,,,,,,,,,,,,,,,Matches
847,Nicolas Seiwald,MF,at Austria,25,2001,3.5,,,,,,,,,,,,,,,,,Matches
848,Ayumu Seko,DF,jp Japan,26,2000,1.0,,,,,,,,,,,,,,,,,Matches
849,Egil Selvik,GK,no Norway,28,1997,1.0,,,,,,,,,,,,,,,,,Matches
850,Ken Sema,"FW,MF",se Sweden,32,1993,0.2,,,,,,,,,,,,,,,,,Matches
851,Nélson Semedo,"DF,MF",pt Portugal,32,1993,1.4,,,,,,,,,,,,,,,,,Matches
852,Willy Semedo,FW,cv Cabo Verde,32,1994,1.5,,,,,,,,,,,,,,,,,Matches
853,Antoine Semenyo,"MF,FW",gh Ghana,26,2000,4.0,,,,,,,,,,,,,,,,,Matches
854,Marvin Senaya,DF,gh Ghana,25,2001,3.1,,,,,,,,,,,,,,,,,Matches
855,Marcos Senesi,DF,ar Argentina,29,1997,1.2,,,,,,,,,,,,,,,,,Matches
856,Igor Sergeev,FW,uz Uzbekistan,33,1993,0.3,,,,,,,,,,,,,,,,,Matches
857,Jean Seri,MF,ci Côte d'Ivoire,34,1991,0.2,,,,,,,,,,,,,,,,,Matches
858,Kim Seung-gyu,GK,kr Korea Republic,35,1990,3.0,,,,,,,,,,,,,,,,,Matches
859,Paik Seung-ho,MF,kr Korea Republic,29,1997,2.3,,,,,,,,,,,,,,,,,Matches
860,Joaquin Seys,DF,be Belgium,21,2005,0.3,,,,,,,,,,,,,,,,,Matches
861,Jacob Shaffelburg,MF,ca Canada,26,1999,1.0,,,,,,,,,,,,,,,,,Matches
862,Mohammed Abu Al-Shamat,MF,sa Saudi Arabia,23,2002,1.5,,,,,,,,,,,,,,,,,Matches
863,Lawrence Shankland,FW,sct Scotland,30,1995,1.9,,,,,,,,,,,,,,,,,Matches
864,Sharara,FW,jo Jordan,28,1997,0.0,,,,,,,,,,,,,,,,,Matches
865,Aimar Sher,MF,iq Iraq,23,2002,0.3,,,,,,,,,,,,,,,,,Matches
866,Kento Shiogai,FW,jp Japan,21,2005,0.1,,,,,,,,,,,,,,,,,Matches
867,Mostafa Shobeir,GK,eg Egypt,26,2000,5.3,,,,,,,,,,,,,,,,,Matches
868,Eldor Shomurodov,FW,uz Uzbekistan,30,1995,3.0,,,,,,,,,,,,,,,,,Matches
869,Otabek Shukurov,MF,uz Uzbekistan,29,1996,2.6,,,,,,,,,,,,,,,,,Matches
870,Nkosinathi Sibisi,DF,za South Africa,30,1995,1.0,,,,,,,,,,,,,,,,,Matches
871,Kwasi Sibo,MF,gh Ghana,27,1998,2.8,,,,,,,,,,,,,,,,,Matches
872,Niko Sigur,MF,ca Canada,22,2003,1.4,,,,,,,,,,,,,,,,,Matches
873,Bernardo Silva,MF,pt Portugal,31,1994,1.1,,,,,,,,,,,,,,,,,Matches
874,Éderson Silva,MF,br Brazil,26,1999,0.2,,,,,,,,,,,,,,,,,Matches
875,Giuliano Simeone,FW,ar Argentina,23,2002,2.1,,,,,,,,,,,,,,,,,Matches
876,Dominique Simon,MF,ht Haiti,25,2000,0.6,,,,,,,,,,,,,,,,,Matches
877,Unai Simón,GK,es Spain,29,1997,8.3,,,,,,,,,,,,,,,,,Matches
878,Sarpreet Singh,MF,nz New Zealand,27,1999,2.3,,,,,,,,,,,,,,,,,Matches
879,Wilfried Singo,DF,ci Côte d'Ivoire,25,2000,1.9,,,,,,,,,,,,,,,,,Matches
880,Sphephelo Sithole,MF,za South Africa,27,1999,2.5,,,,,,,,,,,,,,,,,Matches
881,Ellyes Skhiri,"MF,DF",tn Tunisia,31,1995,2.8,,,,,,,,,,,,,,,,,Matches
882,Alexandr Sojka,"MF,DF",cz Czechia,23,2003,1.6,,,,,,,,,,,,,,,,,Matches
883,Ramón Sosa,"FW,MF",py Paraguay,26,1999,0.1,,,,,,,,,,,,,,,,,Matches
884,Tomáš Souček,MF,cz Czechia,31,1995,1.5,,,,,,,,,,,,,,,,,Matches
885,Harry Souttar,DF,au Australia,27,1998,4.3,,,,,,,,,,,,,,,,,Matches
886,Djibril Sow,MF,ch Switzerland,29,1997,2.8,,,,,,,,,,,,,,,,,Matches
887,Çağlar Söyüncü,DF,tr Türkiye,30,1996,0.1,,,,,,,,,,,,,,,,,Matches
888,Djed Spence,DF,eng England,25,2000,4.5,,,,,,,,,,,,,,,,,Matches
889,Marko Stamenic,MF,nz New Zealand,24,2002,3.0,,,,,,,,,,,,,,,,,Matches
890,Josip Stanišić,"DF,MF",hr Croatia,26,2000,4.0,,,,,,,,,,,,,,,,,Matches
891,Carl Starfelt,DF,se Sweden,31,1995,0.0,,,,,,,,,,,,,,,,,Matches
892,Ross Stewart,FW,sct Scotland,29,1996,0.0,,,,,,,,,,,,,,,,,Matches
893,Angelo Stiller,MF,de Germany,25,2001,0.5,,,,,,,,,,,,,,,,,Matches
894,John Stones,DF,eng England,32,1994,3.7,,,,,,,,,,,,,,,,,Matches
895,Jørgen Strand Larsen,FW,no Norway,26,2000,1.2,,,,,,,,,,,,,,,,,Matches
896,Elliot Stroud,MF,se Sweden,23,2002,1.8,,,,,,,,,,,,,,,,,Matches
897,Luis Suárez,FW,co Colombia,28,1997,3.7,,,,,,,,,,,,,,,,,Matches
898,Luka Sučić,"FW,MF",hr Croatia,23,2002,0.2,,,,,,,,,,,,,,,,,Matches
899,Petar Sučić,"MF,FW",hr Croatia,22,2003,3.2,,,,,,,,,,,,,,,,,Matches
900,Yukinari Sugawara,MF,jp Japan,25,2000,1.6,,,,,,,,,,,,,,,,,Matches
901,Rebin Sulaka,DF,iq Iraq,34,1992,0.5,,,,,,,,,,,,,,,,,Matches
902,Pavel Šulc,FW,cz Czechia,25,2000,2.1,,,,,,,,,,,,,,,,,Matches
903,Kamaldeen Sulemana,"MF,FW",gh Ghana,24,2002,1.4,,,,,,,,,,,,,,,,,Matches
904,Crysencio Summerville,FW,nl Netherlands,24,2001,2.8,,,,,,,,,,,,,,,,,Matches
905,Ivan Šunjić,MF,ba Bosnia–Herz,29,1996,2.2,,,,,,,,,,,,,,,,,Matches
906,Finn Surman,DF,nz New Zealand,22,2003,3.0,,,,,,,,,,,,,,,,,Matches
907,Josip Šutalo,DF,hr Croatia,26,2000,4.0,,,,,,,,,,,,,,,,,Matches
908,Junnosuke Suzuki,DF,jp Japan,22,2003,0.5,,,,,,,,,,,,,,,,,Matches
909,Yuito Suzuki,"FW,MF",jp Japan,24,2001,0.1,,,,,,,,,,,,,,,,,Matches
910,Zion Suzuki,GK,jp Japan,23,2002,4.0,,,,,,,,,,,,,,,,,Matches
911,Mattias Svanberg,MF,se Sweden,27,1999,0.2,,,,,,,,,,,,,,,,,Matches
912,Daniel Svensson,DF,se Sweden,24,2002,1.1,,,,,,,,,,,,,,,,,Matches
913,Alexander Sørloth,FW,no Norway,30,1995,3.7,,,,,,,,,,,,,,,,,Matches
914,Musa Al-Taamari,FW,jo Jordan,29,1997,2.4,,,,,,,,,,,,,,,,,Matches
915,Haris Tabaković,FW,ba Bosnia–Herz,31,1994,0.2,,,,,,,,,,,,,,,,,Matches
916,Lee Tae-seok,MF,kr Korea Republic,23,2002,1.3,,,,,,,,,,,,,,,,,Matches
917,Nicolás Tagliafico,DF,ar Argentina,33,1992,5.3,,,,,,,,,,,,,,,,,Matches
918,Jonathan Tah,DF,de Germany,30,1996,4.1,,,,,,,,,,,,,,,,,Matches
919,Benjamin Tahirovic,MF,ba Bosnia–Herz,23,2003,2.6,,,,,,,,,,,,,,,,,Matches
920,Zaid Tahseen,DF,iq Iraq,25,2001,1.7,,,,,,,,,,,,,,,,,Matches
921,Chemsdine Talbi,MF,ma Morocco,21,2005,2.0,,,,,,,,,,,,,,,,,Matches
922,Montassar Talbi,DF,tn Tunisia,28,1998,3.0,,,,,,,,,,,,,,,,,Matches
923,Hassan Al Tambakti,DF,sa Saudi Arabia,27,1999,2.4,,,,,,,,,,,,,,,,,Matches
924,Ao Tanaka,MF,jp Japan,27,1998,2.1,,,,,,,,,,,,,,,,,Matches
925,Shogo Taniguchi,DF,jp Japan,34,1991,2.6,,,,,,,,,,,,,,,,,Matches
926,Mehdi Taremi,FW,ir IR Iran,33,1992,2.9,,,,,,,,,,,,,,,,,Matches
927,Aurélien Tchouaméni,MF,fr France,26,2000,4.0,,,,,,,,,,,,,,,,,Matches
928,Arthur Theate,DF,be Belgium,26,2000,2.5,,,,,,,,,,,,,,,,,Matches
929,Igor Thiago,FW,br Brazil,24,2001,0.7,,,,,,,,,,,,,,,,,Matches
930,Malick Thiaw,"DF,MF",de Germany,24,2001,0.5,,,,,,,,,,,,,,,,,Matches
931,Ryan Thomas,MF,nz New Zealand,31,1994,0.9,,,,,,,,,,,,,,,,,Matches
932,Brandon Thomas-Asante,"FW,MF",gh Ghana,27,1998,0.6,,,,,,,,,,,,,,,,,Matches
933,Morten Thorsby,MF,no Norway,30,1996,0.5,,,,,,,,,,,,,,,,,Matches
934,Kristian Thorstvedt,MF,no Norway,27,1999,0.7,,,,,,,,,,,,,,,,,Matches
935,Marcus Thuram,"FW,MF",fr France,28,1997,0.0,,,,,,,,,,,,,,,,,Matches
936,Youri Tielemans,MF,be Belgium,29,1997,5.3,,,,,,,,,,,,,,,,,Matches
937,Kieran Tierney,MF,sct Scotland,29,1997,1.2,,,,,,,,,,,,,,,,,Matches
938,Guus Til,"FW,MF",nl Netherlands,28,1997,0.4,,,,,,,,,,,,,,,,,Matches
939,Malik Tillman,MF,us USA,24,2002,4.0,,,,,,,,,,,,,,,,,Matches
940,Quinten Timber,MF,nl Netherlands,24,2001,0.6,,,,,,,,,,,,,,,,,Matches
941,Takehiro Tomiyasu,DF,jp Japan,27,1998,2.0,,,,,,,,,,,,,,,,,Matches
942,Ivan Toney,FW,eng England,30,1996,0.9,,,,,,,,,,,,,,,,,Matches
943,Mehdi Torabi,MF,ir IR Iran,31,1994,0.3,,,,,,,,,,,,,,,,,Matches
944,Félix Torres Caicedo,DF,ec Ecuador,29,1997,0.1,,,,,,,,,,,,,,,,,Matches
945,Ferran Torres,FW,es Spain,26,2000,3.2,,,,,,,,,,,,,,,,,Matches
946,Sebastian Tounekti,FW,tn Tunisia,23,2002,0.9,,,,,,,,,,,,,,,,,Matches
947,Bazoumana Touré,MF,ci Côte d'Ivoire,20,2006,0.9,,,,,,,,,,,,,,,,,Matches
948,Mo Touré,FW,au Australia,22,2004,1.8,,,,,,,,,,,,,,,,,Matches
949,Kai Trewin,"DF,MF",au Australia,25,2001,0.8,,,,,,,,,,,,,,,,,Matches
950,Trézéguet,MF,eg Egypt,31,1994,1.8,,,,,,,,,,,,,,,,,Matches
951,Francisco Trincão,"FW,MF",pt Portugal,26,1999,0.3,,,,,,,,,,,,,,,,,Matches
952,Leandro Trossard,"MF,FW",be Belgium,31,1994,5.6,,,,,,,,,,,,,,,,,Matches
953,Auston Trusty,DF,us USA,27,1998,1.1,,,,,,,,,,,,,,,,,Matches
954,Axel Tuanzebe,DF,cd Congo DR,28,1997,4.0,,,,,,,,,,,,,,,,,Matches
955,Matt Turner,GK,us USA,31,1994,1.0,,,,,,,,,,,,,,,,,Matches
956,Ayase Ueda,FW,jp Japan,27,1998,3.6,,,,,,,,,,,,,,,,,Matches
957,Manuel Ugarte,MF,uy Uruguay,25,2001,2.0,,,,,,,,,,,,,,,,,Matches
958,Deniz Undav,FW,de Germany,29,1996,1.7,,,,,,,,,,,,,,,,,Matches
959,Dayot Upamecano,DF,fr France,27,1998,7.3,,,,,,,,,,,,,,,,,Matches
960,Jakhongir Urozov,DF,uz Uzbekistan,22,2004,1.1,,,,,,,,,,,,,,,,,Matches
961,Oston Urunov,MF,uz Uzbekistan,25,2000,0.7,,,,,,,,,,,,,,,,,Matches
962,Can Uzun,MF,tr Türkiye,20,2005,0.4,,,,,,,,,,,,,,,,,Matches
963,Enner Valencia,FW,ec Ecuador,36,1989,3.2,,,,,,,,,,,,,,,,,Matches
964,Yan Valery,DF,tn Tunisia,27,1999,2.8,,,,,,,,,,,,,,,,,Matches
965,Federico Valverde,MF,uy Uruguay,27,1998,2.6,,,,,,,,,,,,,,,,,Matches
966,Virgil van Dijk,DF,nl Netherlands,34,1991,4.3,,,,,,,,,,,,,,,,,Matches
967,Hans Vanaken,MF,be Belgium,33,1992,3.5,,,,,,,,,,,,,,,,,Matches
968,Guillermo Varela,DF,uy Uruguay,33,1993,3.0,,,,,,,,,,,,,,,,,Matches
969,Hélio Varela,FW,cv Cabo Verde,24,2002,1.2,,,,,,,,,,,,,,,,,Matches
970,Camilo Vargas,GK,co Colombia,37,1989,5.3,,,,,,,,,,,,,,,,,Matches
971,Obed Vargas,MF,mx Mexico,20,2005,0.7,,,,,,,,,,,,,,,,,Matches
972,Ruben Vargas,MF,ch Switzerland,27,1998,3.2,,,,,,,,,,,,,,,,,Matches
973,Nikola Vasilj,GK,ba Bosnia–Herz,30,1995,4.0,,,,,,,,,,,,,,,,,Matches
974,Johan Vásquez,DF,mx Mexico,27,1998,4.0,,,,,,,,,,,,,,,,,Matches
975,Alexis Vega,"FW,MF",mx Mexico,28,1997,0.1,,,,,,,,,,,,,,,,,Matches
976,Renato Veiga,DF,pt Portugal,22,2003,5.0,,,,,,,,,,,,,,,,,Matches
977,Gustavo Velásquez,DF,py Paraguay,35,1991,2.7,,,,,,,,,,,,,,,,,Matches
978,Nishan Velupillay,MF,au Australia,25,2001,0.8,,,,,,,,,,,,,,,,,Matches
979,Micky van de Ven,"DF,MF",nl Netherlands,25,2001,2.9,,,,,,,,,,,,,,,,,Matches
980,Bart Verbruggen,GK,nl Netherlands,23,2002,4.3,,,,,,,,,,,,,,,,,Matches
981,Matías Viña,DF,uy Uruguay,28,1997,0.5,,,,,,,,,,,,,,,,,Matches
982,Federico Viñas,FW,uy Uruguay,27,1998,2.1,,,,,,,,,,,,,,,,,Matches
983,Denis Višinský,FW,cz Czechia,23,2003,0.6,,,,,,,,,,,,,,,,,Matches
984,Pedro Vite,MF,ec Ecuador,24,2002,4.0,,,,,,,,,,,,,,,,,Matches
985,Vitinha,MF,pt Portugal,26,2000,4.2,,,,,,,,,,,,,,,,,Matches
986,Nikola Vlašić,MF,hr Croatia,28,1997,2.1,,,,,,,,,,,,,,,,,Matches
987,Cristian Volpato,MF,au Australia,22,2003,1.8,,,,,,,,,,,,,,,,,Matches
988,Vozinha,GK,cv Cabo Verde,40,1986,4.3,,,,,,,,,,,,,,,,,Matches
989,Francis de Vries,DF,nz New Zealand,31,1994,0.2,,,,,,,,,,,,,,,,,Matches
990,Luka Vušković,DF,hr Croatia,19,2007,0.7,,,,,,,,,,,,,,,,,Matches
991,Elye Wahi,FW,ci Côte d'Ivoire,23,2003,1.2,,,,,,,,,,,,,,,,,Matches
992,Aaron Wan-Bissaka,DF,cd Congo DR,28,1997,3.9,,,,,,,,,,,,,,,,,Matches
993,Paul Wanner,MF,at Austria,20,2005,2.6,,,,,,,,,,,,,,,,,Matches
994,Tsuyoshi Watanabe,DF,jp Japan,29,1997,1.0,,,,,,,,,,,,,,,,,Matches
995,Cecilio Waterman,FW,pa Panama,35,1991,0.8,,,,,,,,,,,,,,,,,Matches
996,Ollie Watkins,"FW,MF",eng England,30,1995,0.6,,,,,,,,,,,,,,,,,Matches
997,Timothy Weah,MF,us USA,26,2000,0.8,,,,,,,,,,,,,,,,,Matches
998,Wout Weghorst,FW,nl Netherlands,33,1992,0.6,,,,,,,,,,,,,,,,,Matches
999,Jacob Widell Zetterström,GK,se Sweden,27,1998,2.0,,,,,,,,,,,,,,,,,Matches
1000,Silvan Widmer,DF,ch Switzerland,33,1993,1.9,,,,,,,,,,,,,,,,,Matches
1001,Iñaki Williams,"MF,FW",gh Ghana,31,1994,1.4,,,,,,,,,,,,,,,,,Matches
1002,Nico Williams,MF,es Spain,23,2002,1.3,,,,,,,,,,,,,,,,,Matches
1003,Ronwen Williams,GK,za South Africa,34,1992,4.0,,,,,,,,,,,,,,,,,Matches
1004,Patrick Wimmer,"FW,MF",at Austria,25,2001,0.2,,,,,,,,,,,,,,,,,Matches
1005,Florian Wirtz,MF,de Germany,23,2003,4.0,,,,,,,,,,,,,,,,,Matches
1006,Yoane Wissa,FW,cd Congo DR,29,1996,4.0,,,,,,,,,,,,,,,,,Matches
1007,Axel Witsel,"DF,MF",be Belgium,37,1989,0.4,,,,,,,,,,,,,,,,,Matches
1008,Nick Woltemade,"FW,MF",de Germany,24,2002,0.4,,,,,,,,,,,,,,,,,Matches
1009,Chris Wood,FW,nz New Zealand,34,1991,3.0,,,,,,,,,,,,,,,,,Matches
1010,Haji Wright,"FW,MF",us USA,28,1998,0.0,,,,,,,,,,,,,,,,,Matches
1011,Granit Xhaka,MF,ch Switzerland,33,1992,6.7,,,,,,,,,,,,,,,,,Matches
1012,Kevin Yakob,MF,iq Iraq,25,2000,0.3,,,,,,,,,,,,,,,,,Matches
1013,Lamine Yamal,"MF,FW",es Spain,18,2007,6.8,,,,,,,,,,,,,,,,,Matches
1014,Yannick,MF,cv Cabo Verde,30,1995,0.4,,,,,,,,,,,,,,,,,Matches
1015,Gessime Yassine,MF,ma Morocco,20,2005,0.9,,,,,,,,,,,,,,,,,Matches
1016,John Yeboah,MF,ec Ecuador,25,2000,3.5,,,,,,,,,,,,,,,,,Matches
1017,Tete Yengi,FW,au Australia,25,2000,0.3,,,,,,,,,,,,,,,,,Matches
1018,Kenan Yıldız,MF,tr Türkiye,21,2005,2.4,,,,,,,,,,,,,,,,,Matches
1019,Caleb Yirenkyi,MF,gh Ghana,20,2006,2.9,,,,,,,,,,,,,,,,,Matches
1020,Seol Young-woo,MF,kr Korea Republic,27,1998,2.8,,,,,,,,,,,,,,,,,Matches
1021,Manaf Younis,DF,iq Iraq,29,1996,0.8,,,,,,,,,,,,,,,,,Matches
1022,Aria Yousefi,MF,ir IR Iran,24,2002,0.5,,,,,,,,,,,,,,,,,Matches
1023,Ali Yousif,FW,iq Iraq,30,1996,0.4,,,,,,,,,,,,,,,,,Matches
1024,İsmail Yüksek,MF,tr Türkiye,27,1999,1.5,,,,,,,,,,,,,,,,,Matches
1025,Utkir Yusupov,GK,uz Uzbekistan,35,1991,1.0,,,,,,,,,,,,,,,,,Matches
1026,Warren Zaïre-Emery,MF,fr France,20,2006,1.2,,,,,,,,,,,,,,,,,Matches
1027,Denis Zakaria,DF,ch Switzerland,29,1996,4.0,,,,,,,,,,,,,,,,,Matches
1028,Jaroslav Zelený,MF,cz Czechia,33,1992,1.4,,,,,,,,,,,,,,,,,Matches
1029,Alejandro Zendejas,"FW,MF",us USA,28,1998,0.2,,,,,,,,,,,,,,,,,Matches
1030,Besfort Zeneli,MF,se Sweden,23,2002,0.7,,,,,,,,,,,,,,,,,Matches
1031,Ramiz Zerrouki,MF,dz Algeria,28,1998,1.2,,,,,,,,,,,,,,,,,Matches
1032,Luca Zidane,GK,dz Algeria,28,1998,3.0,,,,,,,,,,,,,,,,,Matches
1033,Mostafa Ziko,"FW,MF",eg Egypt,29,1997,4.1,,,,,,,,,,,,,,,,,Matches
1034,David Zima,DF,cz Czechia,25,2000,0.1,,,,,,,,,,,,,,,,,Matches
1035,Zizo,MF,eg Egypt,30,1996,0.6,,,,,,,,,,,,,,,,,Matches
1036,Martín Zubimendi,MF,es Spain,27,1999,0.2,,,,,,,,,,,,,,,,,Matches
1037,Themba Zwane,"FW,MF",za South Africa,36,1989,0.3,,,,,,,,,,,,,,,,,Matches
1038,Martin Ødegaard,MF,no Norway,27,1998,5.2,,,,,,,,,,,,,,,,,Matches
1039,Leo Østigård,DF,no Norway,26,1999,1.6,,,,,,,,,,,,,,,,,Matches
