rank,player_name,position,national_team,age,club,born,matches,starts,minutes,90s,goals_against,ga90,shots_on_target_against,saves,save_pct,wins,draws,losses,clean_sheets,clean_sheet_pct,pk_attempted,pk_allowed,pk_saved,pk_missed,pk_save_pct
1.0,Yazeed Abulaila,GK,jo Jordan,33.0,1.jo Al-Hussein SC,1993,3.0,3.0,270.0,3.0,8.0,2.67,16.0,8.0,50.0,0.0,0.0,3.0,0.0,0.0,2.0,2.0,0.0,0.0,0.0
2.0,Mahmoud Abunada,GK,qa Qatar,26.0,1.qa Al Rayyan SC,2000,3.0,3.0,270.0,3.0,10.0,3.33,22.0,12.0,54.5,0.0,1.0,2.0,0.0,0.0,1.0,1.0,0.0,0.0,0.0
3.0,Alisson,GK,br Brazil,33.0,1.eng Liverpool,1992,5.0,5.0,450.0,5.0,4.0,0.8,18.0,14.0,77.8,3.0,1.0,1.0,2.0,40.0,0.0,0.0,0.0,0.0,
4.0,Benjamin Asare,GK,gh Ghana,33.0,1.gh Accra Hearts of Oak,1992,3.0,2.0,225.0,2.5,2.0,0.8,10.0,8.0,80.0,0.0,1.0,1.0,2.0,100.0,0.0,0.0,0.0,0.0,
5.0,Lawrence Ati-Zigi,GK,gh Ghana,29.0,1.ch St. Gallen,1996,2.0,2.0,135.0,1.5,1.0,0.67,9.0,8.0,88.9,1.0,0.0,1.0,1.0,50.0,0.0,0.0,0.0,0.0,
6.0,Ahmed Basil,GK,iq Iraq,29.0,1.iq Al-Shorta,1996,2.0,2.0,135.0,1.5,4.0,2.67,7.0,3.0,42.9,0.0,0.0,2.0,0.0,0.0,0.0,0.0,0.0,0.0,
7.0,Patrick Beach,GK,au Australia,22.0,1.au Melb City,2003,4.0,4.0,388.0,4.3,3.0,0.7,17.0,14.0,82.4,1.0,2.0,1.0,2.0,50.0,0.0,0.0,0.0,0.0,
8.0,Alireza Beiranvand,GK,ir IR Iran,33.0,1.ir Tractor,1992,3.0,3.0,270.0,3.0,3.0,1.0,18.0,15.0,83.3,0.0,3.0,0.0,1.0,33.3,0.0,0.0,0.0,0.0,
9.0,Oussama Benbot,GK,dz Algeria,31.0,1.dz USM Alger,1994,1.0,1.0,90.0,1.0,3.0,3.0,3.0,0.0,0.0,0.0,1.0,0.0,0.0,0.0,0.0,0.0,0.0,0.0,
10.0,Yassine Bounou,GK,ma Morocco,35.0,1.sa Al-Hilal,1991,6.0,6.0,570.0,6.3,6.0,0.95,20.0,14.0,70.0,3.0,2.0,1.0,2.0,33.3,1.0,0.0,1.0,0.0,100.0
11.0,Uğurcan Çakır,GK,tr Türkiye,30.0,1.tr Galatasaray,1996,3.0,3.0,270.0,3.0,5.0,1.67,13.0,8.0,61.5,1.0,0.0,2.0,0.0,0.0,0.0,0.0,0.0,0.0,
12.0,Mouhib Chamakh,GK,tn Tunisia,24.0,1.tn Club Africain,2001,1.0,1.0,90.0,1.0,5.0,5.0,6.0,1.0,16.7,0.0,0.0,1.0,0.0,0.0,0.0,0.0,0.0,0.0,
13.0,Diogo Costa,GK,pt Portugal,26.0,1.pt Porto,1999,5.0,5.0,450.0,5.0,3.0,0.6,22.0,19.0,86.4,2.0,2.0,1.0,2.0,40.0,0.0,0.0,0.0,0.0,
14.0,Thibaut Courtois,GK,be Belgium,34.0,1.es Real Madrid,1992,6.0,6.0,550.0,6.1,6.0,0.98,20.0,14.0,70.0,3.0,2.0,1.0,1.0,16.7,0.0,0.0,0.0,0.0,
15.0,Maxime Crépeau,GK,ca Canada,32.0,1.us Orlando City,1994,5.0,5.0,450.0,5.0,6.0,1.2,12.0,6.0,50.0,2.0,1.0,2.0,2.0,40.0,0.0,0.0,0.0,0.0,
16.0,Max Crocombe,GK,nz New Zealand,32.0,2.eng Millwall,1993,3.0,3.0,270.0,3.0,10.0,3.33,21.0,11.0,52.4,0.0,1.0,2.0,0.0,0.0,0.0,0.0,0.0,0.0,
17.0,Aymen Dahmen,GK,tn Tunisia,29.0,1.tn Ahly Sfaxien,1997,2.0,2.0,180.0,2.0,7.0,3.5,12.0,5.0,41.7,0.0,0.0,2.0,0.0,0.0,0.0,0.0,0.0,0.0,
18.0,Mory Diaw,GK,sn Senegal,32.0,1.fr Le Havre,1993,3.0,2.0,238.0,2.6,3.0,1.13,7.0,4.0,57.1,1.0,0.0,1.0,1.0,50.0,1.0,1.0,0.0,0.0,0.0
19.0,Yahia Fofana,GK,ci Côte d'Ivoire,25.0,1.tr Rizespor,2000,4.0,4.0,360.0,4.0,4.0,1.0,13.0,9.0,69.2,2.0,0.0,2.0,2.0,50.0,0.0,0.0,0.0,0.0,
20.0,Matt Freese,GK,us USA,27.0,1.us NYCFC,1998,4.0,4.0,360.0,4.0,5.0,1.25,13.0,8.0,61.5,3.0,0.0,1.0,2.0,50.0,0.0,0.0,0.0,0.0,
21.0,Hernán Galíndez,GK,ec Ecuador,39.0,1.ar Huracán,1987,4.0,4.0,360.0,4.0,4.0,1.0,13.0,9.0,69.2,1.0,1.0,2.0,1.0,25.0,0.0,0.0,0.0,0.0,
22.0,Orlando Gill,GK,py Paraguay,26.0,1.py San Lorenzo,2000,5.0,5.0,480.0,5.3,6.0,1.13,29.0,23.0,79.3,1.0,2.0,2.0,2.0,40.0,1.0,1.0,0.0,0.0,0.0
23.0,Angus Gunn,GK,sct Scotland,30.0,1.eng Nottingham,1996,3.0,3.0,270.0,3.0,4.0,1.33,12.0,8.0,66.7,1.0,0.0,2.0,1.0,33.3,0.0,0.0,0.0,0.0,
24.0,Jalal Hassan,GK,iq Iraq,35.0,1.iq Al-Zawra'a SC,1991,2.0,1.0,135.0,1.5,8.0,5.33,16.0,8.0,50.0,0.0,0.0,1.0,0.0,0.0,0.0,0.0,0.0,0.0,
25.0,Dean Henderson,GK,eng England,29.0,1.eng Crystal Palace,1997,1.0,1.0,90.0,1.0,4.0,4.0,9.0,5.0,55.6,1.0,0.0,0.0,0.0,0.0,0.0,0.0,0.0,0.0,
26.0,Gregor Kobel,GK,ch Switzerland,28.0,1.de Dortmund,1997,6.0,6.0,600.0,6.7,6.0,0.9,26.0,20.0,76.9,3.0,2.0,1.0,2.0,33.3,0.0,0.0,0.0,0.0,
27.0,Matej Kovar,GK,cz Czechia,26.0,1.nl PSV,2000,3.0,3.0,270.0,3.0,6.0,2.0,15.0,9.0,60.0,0.0,1.0,2.0,0.0,0.0,1.0,1.0,0.0,0.0,0.0
28.0,Senne Lammens,GK,be Belgium,23.0,1.eng Manchester Utd,2002,1.0,0.0,20.0,0.2,1.0,4.5,3.0,2.0,66.7,0.0,0.0,0.0,0.0,,0.0,0.0,0.0,0.0,
29.0,Dominik Livaković,GK,hr Croatia,31.0,1.hr Dinamo Zagreb,1995,4.0,4.0,360.0,4.0,7.0,1.75,17.0,10.0,58.8,2.0,0.0,2.0,1.0,25.0,2.0,2.0,0.0,0.0,0.0
30.0,Mike Maignan,GK,fr France,30.0,1.it Milan,1995,8.0,8.0,720.0,8.0,10.0,1.25,22.0,12.0,54.5,6.0,0.0,2.0,4.0,50.0,3.0,2.0,1.0,0.0,33.3
31.0,Emiliano Martínez,GK,ar Argentina,33.0,1.eng Aston Villa,1992,8.0,8.0,810.0,9.0,8.0,0.89,28.0,20.0,71.4,7.0,0.0,1.0,2.0,25.0,0.0,0.0,0.0,0.0,
32.0,Édouard Mendy,GK,sn Senegal,34.0,1.sa Al-Ahli,1992,2.0,2.0,152.0,1.7,6.0,3.55,14.0,8.0,57.1,0.0,0.0,2.0,0.0,0.0,0.0,0.0,0.0,0.0,
33.0,Orlando Mosquera,GK,pa Panama,31.0,1.sa Al-Fayha,1994,3.0,3.0,270.0,3.0,4.0,1.33,11.0,7.0,63.6,0.0,0.0,3.0,0.0,0.0,0.0,0.0,0.0,0.0,
34.0,Lionel Mpasi,GK,cd Congo DR,31.0,1.fr Le Havre,1994,4.0,4.0,360.0,4.0,5.0,1.25,19.0,14.0,73.7,1.0,1.0,2.0,0.0,0.0,0.0,0.0,0.0,0.0,
35.0,Fernando Muslera,GK,uy Uruguay,39.0,1.tr Galatasaray,1986,3.0,3.0,225.0,2.5,4.0,1.6,8.0,4.0,50.0,0.0,2.0,1.0,0.0,0.0,0.0,0.0,0.0,0.0,
36.0,Abduvohid Nematov,GK,uz Uzbekistan,25.0,1.uz FC Nasaf,2001,2.0,2.0,180.0,2.0,8.0,4.0,13.0,5.0,38.5,0.0,0.0,2.0,0.0,0.0,1.0,1.0,0.0,0.0,0.0
37.0,Manuel Neuer,GK,de Germany,40.0,1.de Bayern Munich,1986,4.0,4.0,390.0,4.3,5.0,1.15,10.0,5.0,50.0,2.0,1.0,1.0,0.0,0.0,0.0,0.0,0.0,0.0,
38.0,Kristoffer Nordfeldt,GK,se Sweden,36.0,1.se AIK Stockholm,1989,2.0,2.0,180.0,2.0,6.0,3.0,9.0,3.0,33.3,1.0,0.0,1.0,0.0,0.0,0.0,0.0,0.0,0.0,
39.0,Ørjan Nyland,GK,no Norway,35.0,1.es Sevilla,1990,5.0,5.0,480.0,5.3,7.0,1.31,22.0,15.0,68.2,4.0,0.0,1.0,0.0,0.0,2.0,1.0,1.0,0.0,50.0
40.0,Guillermo Ochoa,GK,mx Mexico,40.0,1.cy AEL Limassol,1985,1.0,0.0,13.0,0.1,0.0,0.0,0.0,0.0,,0.0,0.0,0.0,1.0,,0.0,0.0,0.0,0.0,
41.0,Mohammed Al-Owais,GK,sa Saudi Arabia,34.0,1.sa Al-Ula,1991,3.0,3.0,270.0,3.0,5.0,1.67,21.0,16.0,76.2,0.0,2.0,1.0,1.0,33.3,0.0,0.0,0.0,0.0,
42.0,Jordan Pickford,GK,eng England,32.0,1.eng Everton,1994,7.0,7.0,660.0,7.3,8.0,1.09,23.0,15.0,65.2,5.0,1.0,1.0,2.0,28.6,1.0,1.0,0.0,0.0,0.0
43.0,Johny Placide,GK,ht Haiti,38.0,2.fr Bastia,1988,3.0,3.0,270.0,3.0,8.0,2.67,19.0,11.0,57.9,0.0,0.0,3.0,0.0,0.0,0.0,0.0,0.0,0.0,
44.0,Raúl Rangel,GK,mx Mexico,26.0,1.mx Guadalajara,2000,5.0,5.0,437.0,4.9,3.0,0.62,11.0,8.0,72.7,4.0,0.0,1.0,4.0,80.0,1.0,1.0,0.0,0.0,0.0
45.0,Sergio Rochet,GK,uy Uruguay,33.0,1.br Internacional,1993,1.0,0.0,45.0,0.5,0.0,0.0,0.0,0.0,,0.0,0.0,0.0,0.0,,0.0,0.0,0.0,0.0,
46.0,Eloy Room,GK,cw Curaçao,37.0,2.us Miami FC,1989,3.0,3.0,270.0,3.0,9.0,3.0,29.0,20.0,69.0,0.0,1.0,2.0,1.0,33.3,1.0,1.0,0.0,0.0,0.0
47.0,Mathew Ryan,GK,au Australia,34.0,1.es Levante,1992,1.0,0.0,2.0,0.0,0.0,0.0,0.0,0.0,,0.0,0.0,0.0,0.0,,0.0,0.0,0.0,0.0,
48.0,Alexander Schlager,GK,at Austria,30.0,1.at RB Salzburg,1996,4.0,4.0,360.0,4.0,9.0,2.25,22.0,13.0,59.1,1.0,1.0,2.0,0.0,0.0,1.0,0.0,0.0,1.0,
49.0,Egil Selvik,GK,no Norway,28.0,2.eng Watford,1997,1.0,1.0,90.0,1.0,4.0,4.0,9.0,5.0,55.6,0.0,0.0,1.0,0.0,0.0,0.0,0.0,0.0,0.0,
50.0,Kim Seung-gyu,GK,kr Korea Republic,35.0,1.jp FC Tokyo,1990,3.0,3.0,270.0,3.0,3.0,1.0,12.0,9.0,75.0,1.0,0.0,2.0,0.0,0.0,0.0,0.0,0.0,0.0,
51.0,Mostafa Shobeir,GK,eg Egypt,26.0,1.eg Al Ahly,2000,5.0,5.0,480.0,5.3,7.0,1.31,19.0,12.0,63.2,1.0,3.0,1.0,0.0,0.0,2.0,0.0,2.0,0.0,100.0
52.0,Unai Simón,GK,es Spain,29.0,1.es Athletic Club,1997,8.0,8.0,750.0,8.3,1.0,0.12,11.0,9.0,90.9,7.0,1.0,0.0,7.0,87.5,0.0,0.0,0.0,0.0,
53.0,Zion Suzuki,GK,jp Japan,23.0,1.it Parma,2002,4.0,4.0,360.0,4.0,5.0,1.25,17.0,12.0,70.6,1.0,2.0,1.0,1.0,25.0,0.0,0.0,0.0,0.0,
54.0,Matt Turner,GK,us USA,31.0,1.us NE Revolution,1994,1.0,1.0,90.0,1.0,3.0,3.0,3.0,0.0,0.0,0.0,0.0,1.0,0.0,0.0,0.0,0.0,0.0,0.0,
55.0,Camilo Vargas,GK,co Colombia,37.0,1.mx Atlas,1989,5.0,5.0,480.0,5.3,1.0,0.19,7.0,6.0,85.7,3.0,2.0,0.0,4.0,80.0,0.0,0.0,0.0,0.0,
56.0,Nikola Vasilj,GK,ba Bosnia–Herz,30.0,1.de St Pauli,1995,4.0,4.0,360.0,4.0,8.0,2.0,14.0,6.0,42.9,1.0,1.0,2.0,0.0,0.0,1.0,1.0,0.0,0.0,0.0
57.0,Bart Verbruggen,GK,nl Netherlands,23.0,1.eng Brighton,2002,4.0,4.0,390.0,4.3,5.0,1.15,21.0,16.0,76.2,2.0,2.0,0.0,0.0,0.0,0.0,0.0,0.0,0.0,
58.0,Vozinha,GK,cv Cabo Verde,40.0,2.pt Chaves,1986,4.0,4.0,390.0,4.3,5.0,1.15,23.0,18.0,78.3,0.0,3.0,1.0,2.0,50.0,0.0,0.0,0.0,0.0,
59.0,Jacob Widell Zetterström,GK,se Sweden,27.0,2.eng Derby County,1998,2.0,2.0,180.0,2.0,4.0,2.0,15.0,11.0,73.3,0.0,1.0,1.0,0.0,0.0,0.0,0.0,0.0,0.0,
60.0,Ronwen Williams,GK,za South Africa,34.0,1.za Sundowns,1992,4.0,4.0,360.0,4.0,4.0,1.0,15.0,11.0,73.3,1.0,1.0,2.0,1.0,25.0,0.0,0.0,0.0,0.0,
61.0,Utkir Yusupov,GK,uz Uzbekistan,35.0,1.uz Navbahor,1991,1.0,1.0,90.0,1.0,3.0,3.0,4.0,1.0,25.0,0.0,0.0,1.0,0.0,0.0,0.0,0.0,0.0,0.0,
62.0,Luca Zidane,GK,dz Algeria,28.0,2.es Granada,1998,3.0,3.0,270.0,3.0,6.0,2.0,14.0,8.0,57.1,1.0,0.0,2.0,0.0,0.0,0.0,0.0,0.0,0.0,
